"snp","position","V.df1","z.df1","r.df1","lABF.df1","V.df2","z.df2","r.df2","lABF.df2","internal.sum.lABF","SNP.PP.H4"
"rs10049438",133294203,0.000169,-8.67692307692308,0.99413013702232,34.8545670078088,6.889e-05,1.04819277108434,0.990724888184772,-1.79595158500078,33.058615422808,0
"rs1005933",133413516,0.00017161,10.0381679389313,0.99404002439803,47.5207854181552,7.056e-05,-0.464285714285714,0.990502180667573,-2.22158959387773,45.2991958242775,9.84821051855357e-320
"rs1006097",133411478,0.00010404,-16.1176470588235,0.996378215660472,126.60844818873,4.356e-05,1.15151515151515,0.994115162635816,-1.90859612441296,124.699852064317,2.99661304942992e-285
"rs1006098",133411605,0.00010404,-20.4509803921569,0.996378215660472,205.553513021044,4.356e-05,1.45454545454545,0.994115162635816,-1.51606212998376,204.03745089106,8.56075453009881e-251
"rs1043147",133544998,0.00015376,14.6290322580645,0.994656638278003,103.816579619561,6.241e-05,-2.39240506329114,0.99158999575327,0.448566584904751,104.265146204466,3.99899326006707e-294
"rs10433342",133226149,0.000121,1.52727272727273,0.995790298709779,-1.57381049598351,5.041e-05,-0.464788732394366,0.993196042785026,-2.38784608802142,-3.96165658400493,0
"rs10433415",133285530,0.00011025,12.6380952380952,0.996162865999857,76.77277454543,4.624e-05,-1.5,0.993755362872502,-1.4200413383574,75.3527332070726,1.11032277683401e-306
"rs1049296",133494354,0.00018769,-5.37226277372263,0.993485207933889,11.8197512802169,7.744e-05,0.0340909090909091,0.989585734000531,-2.28171429767686,9.53803698254005,0
"rs10512895",133015904,0.00010609,0.0194174757281553,0.996307115703787,-2.80048591408294,4.624e-05,-0.588235294117647,0.993755362872502,-2.36608612801241,-5.16657204209535,0
"rs10512899",133097476,0.00056169,0.126582278481013,0.980753377697255,-1.96735250762482,0.00022801,2.14569536423841,0.969945391537049,0.480448825235288,-1.48690368238953,0
"rs10512900",133100627,0.00056644,-0.0546218487394958,0.980593774872596,-1.96961786727075,0.00024025,2.4,0.968383014809748,1.06191268426545,-0.907705183005308,0
"rs10512904",133332323,0.00015876,-4.34126984126984,0.994483840187316,6.77129474940714,6.889e-05,0.879518072289157,0.990724888184772,-1.95702167859448,4.81427307081266,0
"rs10512907",133357145,0.00015876,-4.35714285714286,0.994483840187316,6.83994896261231,6.561e-05,0.975308641975309,0.991162593394948,-1.89297062401848,4.94697833859383,0
"rs10512908",133367293,0.00015876,-4.34126984126984,0.994483840187316,6.77129474940714,6.724e-05,0.829268292682927,0.990945026924506,-2.01149111858146,4.75980363082567,0
"rs10512909",133368199,0.00015876,-4.34920634920635,0.994483840187316,6.80559053565698,6.724e-05,0.841463414634146,0.990945026924506,-2.00139597665042,4.80419455900656,0
"rs10512913",133539574,0.00013689,-6.58119658119658,0.995240102398204,18.8792289628329,5.625e-05,2.37333333333333,0.992413783887928,0.354278899740754,19.2335078625736,0
"rs1051772",133327457,0.000289,-7.03529411764706,0.990003850431026,22.1975224819125,0.00345744,0.486394557823129,0.68033886890609,-0.489769733664445,21.7077527482481,0
"rs1073196",133297806,0.00027556,-5.96987951807229,0.990464290376717,15.3234511424911,0.00011025,1.07619047619048,0.985238520840535,-1.5373224236817,13.7861287188094,0
"rs10804625",133854624,0.00034225,3.30810810810811,0.988183763091436,3.1879933228417,0.00013456,-1.22413793103448,0.982042082458026,-1.27406034170443,1.91393298113727,0
"rs10935057",133039295,0.00010609,0,0.996307115703787,-2.80067373708524,4.624e-05,-0.573529411764706,0.993755362872502,-2.37457517144525,-5.1752489085305,0
"rs10935058",133077605,0.00010816,0.115384615384615,0.996235332384383,-2.78441610808954,4.624e-05,-0.573529411764706,0.993755362872502,-2.37457517144525,-5.1589912795348,0
"rs10935059",133132496,0.001089,-4.75151515151515,0.963347071433431,9.22156246129773,0.00021609,1.33333333333333,0.971471774895767,-0.914900197051268,8.30666226424646,0
"rs10935060",133137434,0.000144,-2.68333333333333,0.99499411322176,0.933546649505376,5.184e-05,-0.291666666666667,0.993004382522258,-2.4389985347248,-1.50545188521943,0
"rs10935064",133172767,0.00012996,-2.7280701754386,0.9954799810791,1.00474407194359,5.329e-05,0.397260273972603,0.992810117211269,-2.38919968032842,-1.38445560838483,0
"rs10935066",133222283,0.00012544,-0.544642857142857,0.9956365010631,-2.56956978166967,5.329e-05,0.438356164383562,0.992810117211269,-2.3721529312714,-4.94172271294108,0
"rs10935067",133222616,0.00012769,-0.530973451327434,0.995558581202417,-2.56805039011371,5.476e-05,0.527027027027027,0.992613249952968,-2.31618082789701,-4.88423121801072,0
"rs10935069",133283084,0.00014884,-2.50819672131148,0.994826730225361,0.497127575539853,5.929e-05,-0.194805194805195,0.992007068097528,-2.39577595019041,-1.89864837465056,0
"rs10935070",133341988,0.00012321,17.8738738738739,0.995713740338767,156.326836039763,5.041e-05,-1.25352112676056,0.993196042785026,-1.71481341947279,154.612022620291,2.93306225188101e-272
"rs10935073",133439184,0.00012321,26.036036036036,0.995713740338767,334.758641331237,5.041e-05,-2.16901408450704,0.993196042785026,-0.158819420683909,334.599821910554,4.31548212723792e-194
"rs10935088",133612078,0.00019881,-4.14893617021277,0.99310189098679,6.05921080102611,8.281e-05,-2.65934065934066,0.988871603613045,1.24756824339328,7.30677904441939,0
"rs10935089",133657632,0.00010816,-4.52884615384615,0.996235332384383,7.4255683817228,4.624e-05,-2.20588235294118,0.993755362872502,-0.120250586918629,7.30531779480417,0
"rs10935090",133698349,0.00025281,2.89937106918239,0.991244657747883,1.7973304404578,0.00010404,1.23529411764706,0.986058391818215,-1.38410008868834,0.41323035176946,0
"rs10935097",133822560,0.00010404,-3.48039215686274,0.996378215660472,3.22423497973743,4.356e-05,1.06060606060606,0.994115162635816,-2.00855536252923,1.2156796172082,0
"rs10935106",133992984,0.00011664,-2.18518518518519,0.995941371472998,-0.375627980257789,4.9e-05,0.3,0.993385094938456,-2.46451258748502,-2.84014056774281,0
"rs1105877",133561095,0.00015376,-6.9758064516129,0.994656638278003,21.5849786792817,5.929e-05,1.28571428571429,0.992007068097528,-1.59467461066419,19.9903040686175,0
"rs1105878",133561022,0.000144,-6.60833333333333,0.99499411322176,19.077160658884,5.929e-05,1.64935064935065,0.992007068097528,-1.06529185413517,18.0118688047489,0
"rs1106169",133591929,0.00012996,2.29824561403509,0.9954799810791,-0.0705903166666744,5.041e-05,-0.154929577464789,0.993196042785026,-2.48320551764014,-2.55379583430681,0
"rs1106170",133591883,0.00017424,-1.02272727272727,0.993949237778755,-2.03396443788685,6.724e-05,-0.634146341463415,0.990945026924506,-2.15297047995081,-4.18693491783766,0
"rs1106735",133602009,0.00021609,5.64625850340136,0.992506819603498,13.3737943910441,9.604e-05,-0.979591836734694,0.987116599650746,-1.70228916870067,11.6715052223434,0
"rs1108065",133571302,0.00017424,7.97727272727273,0.993949237778755,29.0721287535074,7.225e-05,-1.57647058823529,0.990276907903104,-1.08607824285864,27.9860505106487,0
"rs1109858",133089075,0.00034969,0.74331550802139,0.987929996269685,-1.93559144200082,0.00015129,0.658536585365854,0.979854333662976,-1.73991611472343,-3.67550755672425,0
"rs1113479",133581770,0.00010816,4.10576923076923,0.996235332384383,5.60589149317011,4.356e-05,1.10606060606061,0.994115162635816,-1.95960272194489,3.64628877122522,0
"rs1114630",133094559,0.00011881,0.0642201834862385,0.995866175859239,-2.74222258761946,4.9e-05,-1.04285714285714,0.993385094938456,-1.96903642992796,-4.71125901754742,0
"rs1115219",133495017,0.00013924,-6.78813559322034,0.995158784502868,20.2625590253578,5.476e-05,1.93243243243243,0.992613249952968,-0.600678308255873,19.6618807171019,0
"rs1130459",133465283,0.00010404,4.47058823529412,0.996378215660472,7.14649257407447,4.356e-05,-0.954545454545455,0.994115162635816,-2.1147905802076,5.03170199386687,0
"rs1131262",133941320,0.00024025,1.60645161290323,0.991676016216062,-1.11470456445453,0.00010609,-0.359223300970874,0.985787591146264,-2.06321622096116,-3.17792078541569,0
"rs1131598",133652322,0.000169,1.55384615384615,0.99413013702232,-1.36882926893521,6.889e-05,0.710843373493976,0.990724888184772,-2.08990450580927,-3.45873377474448,0
"rs1153876",133123736,0.00010816,0.721153846153846,0.996235332384383,-2.53199534917688,4.489e-05,-0.716417910447761,0.993936572730915,-2.29766877123794,-4.82966412041482,0
"rs11706381",133074787,0.00042436,0.393203883495146,0.985390318406339,-2.03686017287211,0.00019881,-0.099290780141844,0.973693068159378,-1.81416174924582,-3.85102192211793,0
"rs11706413",133324668,0.00016129,-4.29133858267717,0.994396427227422,6.5640214303226,6.561e-05,0.987654320987654,0.991162593394948,-1.88096065203633,4.68306077828627,0
"rs11706487",133250747,0.00022801,-1.25827814569536,0.992096746014378,-1.63486487606543,0.00010201,0.0792079207920792,0.986326697182625,-2.14306096847046,-3.77792584453589,0
"rs11706586",133394930,0.00016384,-3.921875,0.994308338804123,5.06240318110426,6.889e-05,0.72289156626506,0.990724888184772,-2.08134765708711,2.98105552401715,0
"rs11706654",133004714,0.00011025,-0.0285714285714286,0.996162865999857,-2.78110817549826,4.761e-05,-0.536231884057971,0.993571535961339,-2.38066174017969,-5.16176991567795,0
"rs11707556",133538015,0.00012321,-12.3873873873874,0.995713740338767,73.6686551143948,5.184e-05,2.875,0.993004382522258,1.62266522434194,75.2913203387368,1.04418627164149e-306
"rs11707763",133987391,0.00013456,1.37068965517241,0.995320741347775,-1.74730840171162,5.776e-05,0.592105263157895,0.992211722196269,-2.25363868022599,-4.00094708193761,0
"rs11707893",132972087,0.00042849,0.57487922705314,0.985250229770353,-1.9454581213448,0.00020449,-0.237762237762238,0.972961800949697,-1.77775112236054,-3.72320924370533,0
"rs11708197",133361643,0.00015876,-4.33333333333333,0.994483840187316,6.73706160386277,6.724e-05,0.841463414634146,0.990945026924506,-2.00139597665042,4.73566562721235,0
"rs11708980",133249788,0.00023104,-1.21052631578947,0.991992561519963,-1.68687214496453,0.00011449,-0.205607476635514,0.984679520539602,-2.0684690244725,-3.75534116943703,0
"rs11709132",133392210,0.00016384,-3.9296875,0.994308338804123,5.0928987829261,6.889e-05,0.771084337349398,0.990724888184772,-2.04568213636279,3.04721664656331,0
"rs11709172",133682278,0.00010201,3.9009900990099,0.99644863195961,4.76162881427644,4.356e-05,1.12121212121212,0.994115162635816,-1.9428287402062,2.81880007407024,0
"rs11709349",133332548,0.00015876,-4.33333333333333,0.994483840187316,6.73706160386277,6.889e-05,0.879518072289157,0.990724888184772,-1.95702167859448,4.7800399252683,0
"rs11709404",133332566,0.00015876,-4.33333333333333,0.994483840187316,6.73706160386277,6.889e-05,0.879518072289157,0.990724888184772,-1.95702167859448,4.7800399252683,0
"rs11709601",132991494,0.00042849,0.608695652173913,0.985250229770353,-1.92574116010817,0.00020449,-0.230769230769231,0.972961800949697,-1.77934504970817,-3.70508620981634,0
"rs11709940",133338082,0.00015876,-4.31746031746032,0.994483840187316,6.66878323489047,6.724e-05,0.878048780487805,0.990945026924506,-1.97022630484873,4.69855693004174,0
"rs11709944",132979633,0.00010609,-0.00970873786407767,0.996307115703787,-2.80062678133467,4.624e-05,-0.5,0.993755362872502,-2.4137967012299,-5.21442348256457,0
"rs11710021",133658566,0.00027889,2.74850299401198,0.990350168250402,1.42027824350517,0.00011449,0.327102803738318,0.984679520539602,-2.03660390416855,-0.616325660663378,0
"rs11710087",133067563,0.00054756,0.645299145299145,0.981228461397545,-1.78340957418671,0.00023104,0.532894736842105,0.969558157366928,-1.60830259552983,-3.39171216971655,0
"rs11710111",133338445,0.00016384,-4.1171875,0.994308338804123,5.84299955609621,6.724e-05,0.878048780487805,0.990945026924506,-1.97022630484873,3.87277325124747,0
"rs11710126",133067730,0.00011025,0.0285714285714286,0.996162865999857,-2.78110817549826,4.761e-05,-0.608695652173913,0.993571535961339,-2.33944552964569,-5.12055370514395,0
"rs11710936",133541175,0.00015625,14.824,0.99457057732341,106.670966297972,6.561e-05,-2.35802469135802,0.991162593394948,0.391190085039838,107.062156383012,6.55657085005899e-293
"rs11711299",133580100,0.00017424,3,0.993949237778755,1.91898605605816,6.889e-05,-2.59036144578313,0.990724888184772,0.983658030158929,2.90264408621709,0
"rs11711706",133322138,0.00016129,-4.2992125984252,0.994396427227422,6.59765297915096,6.561e-05,1.01234567901235,0.991162593394948,-1.85648750158213,4.74116547756883,0
"rs11712672",133358713,0.00015876,-4.32539682539683,0.994483840187316,6.70289109902388,6.724e-05,0.890243902439024,0.990945026924506,-1.95954166557865,4.74334943344523,0
"rs11713248",133392191,0.00016384,-3.9296875,0.994308338804123,5.0928987829261,6.561e-05,0.851851851851852,0.991162593394948,-2.00476155819197,3.08813722473413,0
"rs11713994",133411882,0.00027225,-7.8,0.99057775315289,27.8010344008942,0.00010816,0.826923076923077,0.985514299398132,-1.78034842708147,26.0206859738127,0
"rs11714164",133697764,0.00031684,1.85393258426966,0.989051442475224,-0.557556226195392,0.00014884,1.12295081967213,0.980174105876596,-1.34237434420142,-1.89993057039681,0
"rs11714422",133333271,0.00015876,-4.33333333333333,0.994483840187316,6.73706160386277,6.889e-05,0.879518072289157,0.990724888184772,-1.95702167859448,4.7800399252683,0
"rs11714566",133277735,0.00011025,14.8666666666667,0.996162865999857,107.303336701429,4.489e-05,-1.38805970149254,0.993936572730915,-1.5952264061257,105.708110295303,1.69286378526207e-293
"rs11716388",133349439,0.00015876,-4.33333333333333,0.994483840187316,6.73706160386277,6.724e-05,0.914634146341463,0.990945026924506,-1.93773026403421,4.79933133982856,0
"rs11717365",133019280,0.00042436,0.509708737864078,0.985390318406339,-1.98503174439905,0.000196,-0.114285714285714,0.974055246007342,-1.81953174692624,-3.80456349132529,0
"rs11717902",133392910,0.00016384,-3.9296875,0.994308338804123,5.0928987829261,6.561e-05,0.876543209876543,0.991162593394948,-1.98361192199698,3.10928686092912,0
"rs11720811",133664543,0.00018225,0.985185185185185,0.993672837702344,-2.04922733397029,7.744e-05,1.47727272727273,0.989585734000531,-1.20248569275673,-3.25171302672702,0
"rs11720843",133703660,0.000196,0.885714285714286,0.993198726420487,-2.10574556351804,8.464e-05,0.793478260869565,0.988628476156232,-1.92709740303779,-4.03284296655582,0
"rs11720904",133052791,0.00042436,0.388349514563107,0.985390318406339,-2.03872943294921,0.00020449,-0.181818181818182,0.972961800949697,-1.78917030335853,-3.82789973630774,0
"rs11914965",133412629,0.00010404,8.92156862745098,0.996378215660472,36.8426623038352,4.356e-05,-1.24242424242424,0.994115162635816,-1.80042105850631,35.0422412453289,4.94065645841247e-324
"rs11915399",133649908,0.00017161,-1.58015267175573,0.99404002439803,-1.32034389203222,6.889e-05,-0.0963855421686747,0.990724888184772,-2.33560830483143,-3.65595219686365,0
"rs11919147",133080170,0.00011025,0.0571428571428571,0.996162865999857,-2.77988838423377,4.624e-05,-0.632352941176471,0.993755362872502,-2.33932952276206,-5.11921790699583,0
"rs11921187",133551642,0.00017424,-2.32575757575758,0.993949237778755,0.134423901555647,7.056e-05,0.285714285714286,0.990502180667573,-2.28791786490458,-2.15349396334893,0
"rs11921527",133441167,0.000121,26.1181818181818,0.995790298709779,336.908685252292,5.041e-05,-2.23943661971831,0.993196042785026,-0.00464844201315229,336.904036810279,4.32252126371588e-193
"rs11922161",132970278,0.00010609,0.00970873786407767,0.996307115703787,-2.80062678133467,4.624e-05,-0.529411764705882,0.993755362872502,-2.39875282679196,-5.19937960812663,0
"rs11922891",133011204,0.00010609,0.058252427184466,0.996307115703787,-2.79898333006454,4.624e-05,-0.573529411764706,0.993755362872502,-2.37457517144525,-5.17355850150979,0
"rs11922977",133011283,0.00010609,0.0194174757281553,0.996307115703787,-2.80048591408294,4.624e-05,-0.573529411764706,0.993755362872502,-2.37457517144525,-5.1750610855282,0
"rs11924101",133394478,0.00010404,19.5098039215686,0.996378215660472,186.816545975913,4.356e-05,-1.1969696969697,0.994115162635816,-1.85553556993343,184.96101040598,4.44343884445996e-259
"rs11925164",133043547,0.00010609,0.00970873786407767,0.996307115703787,-2.80062678133467,4.624e-05,-0.573529411764706,0.993755362872502,-2.37457517144525,-5.17520195277992,0
"rs11925220",133569777,0.00010816,0.711538461538462,0.996235332384383,-2.53885736214495,4.624e-05,0.0882352941176471,0.993755362872502,-2.5341476967335,-5.07300505887844,0
"rs11925242",133066773,0.00011025,0.019047619047619,0.996162865999857,-2.78133406276946,4.761e-05,-0.623188405797101,0.993571535961339,-2.33057621851812,-5.11191028128758,0
"rs11926108",133043981,0.00010609,0.00970873786407767,0.996307115703787,-2.80062678133467,4.624e-05,-0.573529411764706,0.993755362872502,-2.37457517144525,-5.17520195277992,0
"rs11928489",133310414,0.00033489,-5.6120218579235,0.988434929543854,13.335391992517,0.00013924,0.38135593220339,0.981429104609255,-1.92171407479974,11.4136779177173,0
"rs11928864",133328058,0.00029241,-6.97076023391813,0.989887095577146,21.7530770281482,0.00012544,0.964285714285714,0.983238806025151,-1.58721367652418,20.165863351624,0
"rs1197283",133050364,0.00027225,-0.96969696969697,0.99057775315289,-1.86661467038929,0.00011236,-0.10377358490566,0.984960259775379,-2.09322611914961,-3.9598407895389,0
"rs1197287",133091911,0.00011881,0.293577981651376,0.995866175859239,-2.70136030660512,4.9e-05,-1.04285714285714,0.993385094938456,-1.96903642992796,-4.67039673653308,0
"rs1197293",133089246,0.00011236,-0.575471698113208,0.996089716850573,-2.60713638746234,4.489e-05,-0.537313432835821,0.993936572730915,-2.40926245193662,-5.01639883939896,0
"rs1197295",133109802,0.00042849,0.207729468599034,0.985250229770353,-2.08700635851407,0.00019881,0.74468085106383,0.973693068159378,-1.54898086711972,-3.63598722563379,0
"rs1197296",133108978,0.00010609,1.13592233009709,0.996307115703787,-2.15789646746185,4.489e-05,0.432835820895522,0.993936572730915,-2.45963459947422,-4.61753106693607,0
"rs1197297",133107193,0.00010404,0.931372549019608,0.996378215660472,-2.37823768617353,4.356e-05,-0.0303030303030303,0.994115162635816,-2.56723165227498,-4.94546933844851,0
"rs1197298",133105729,0.00010201,0.831683168316832,0.99644863195961,-2.47559098200701,4.489e-05,0.194029850746269,0.993936572730915,-2.53403038660668,-5.00962136861368,0
"rs1197299",133105637,0.00010201,0.831683168316832,0.99644863195961,-2.47559098200701,4.489e-05,0.17910447761194,0.993936572730915,-2.53679808702083,-5.01238906902783,0
"rs1197302",133113219,0.00011025,0.942857142857143,0.996162865999857,-2.33873054357669,4.624e-05,-0.985294117647059,0.993755362872502,-2.05564503336074,-4.39437557693743,0
"rs1197304",133104631,0.00011025,0.923809523809524,0.996162865999857,-2.35644010563891,0.00173889,0.280575539568345,0.808858653137055,-0.795533302734407,-3.15197340837332,0
"rs1197308",133101207,0.000361,0.631578947368421,0.987544479333645,-1.99583388385813,0.00015376,0.612903225806452,0.979532162201399,-1.76046944961189,-3.75630333347002,0
"rs1197309",133101068,0.00011236,0.886792452830189,0.996089716850573,-2.38040984324328,4.624e-05,-0.764705882352941,0.993755362872502,-2.24745443244459,-4.62786427568786,0
"rs1197311",133126982,0.00011664,0.87962962962963,0.995941371472998,-2.36815111760417,4.761e-05,-0.405797101449275,0.993571535961339,-2.44170346970472,-4.80985458730889,0
"rs1197312",133125713,0.00010816,0.586538461538462,0.996235332384383,-2.61968174307757,0.001444,-0.83421052631579,0.835955950092263,-0.612936261910338,-3.23261800498791,0
"rs1197313",133100452,0.00010609,0.864077669902913,0.996307115703787,-2.42873723677939,4.489e-05,-0.791044776119403,0.993936572730915,-2.24176122287203,-4.67049845965142,0
"rs1197314",133099245,0.00010609,0.854368932038835,0.996307115703787,-2.43704840463119,4.489e-05,-1.04477611940298,0.993936572730915,-2.01027076023221,-4.4473191648634,0
"rs1197316",133039585,0.00020164,0.0140845070422535,0.99300438541575,-2.48113741431075,8.1e-05,-1.25555555555556,0.989112191596332,-1.48042780697739,-3.96156522128815,0
"rs1201671",133110276,0.00010816,1.10576923076923,0.996235332384383,-2.18198663402704,4.489e-05,-0.686567164179104,0.993936572730915,-2.31848187835238,-4.50046851237942,0
"rs1201673",133102409,0.00010201,0.891089108910891,0.99644863195961,-2.4246012568935,4.356e-05,-0.0909090909090909,0.994115162635816,-2.56358017325703,-4.98818143015053,0
"rs1201674",133084602,0.00027889,0.81437125748503,0.990350168250402,-1.99200701385801,0.00011449,0.261682242990654,0.984679520539602,-2.05556816604985,-4.04757517990786,0
"rs12152547",133039978,0.00010609,0,0.996307115703787,-2.80067373708524,4.624e-05,-0.573529411764706,0.993755362872502,-2.37457517144525,-5.1752489085305,0
"rs12186098",133873047,0.00054756,-1.46153846153846,0.981228461397545,-0.939708284733714,0.00025281,-0.0754716981132075,0.966785015419179,-1.69962368833386,-2.63933197306757,0
"rs12487258",133556435,0.00021609,17.2789115646259,0.992506819603498,145.714926542672,9.025e-05,-2.86315789473684,0.987883895449996,1.84256475435658,147.557491297029,2.53266211809602e-275
"rs12490148",133523973,0.00011881,34.8165137614679,0.995866175859239,600.845049693188,4.9e-05,-2.47142857142857,0.993385094938456,0.524562890019586,601.369612583207,3.10225397650829e-78
"rs12492380",133597103,0.00020449,-4.81118881118881,0.992906210107686,9.01739923333223,8.464e-05,-2.72826086956522,0.988628476156232,1.44106076549259,10.4584599988248,0
"rs12492807",133212150,0.00011025,0.619047619047619,0.996162865999857,-2.59064002842092,4.9e-05,-0.8,0.993385094938456,-2.19133168637695,-4.78197171479786,0
"rs12493168",133466588,0.00021609,16.3945578231293,0.992506819603498,130.936867900096,9.604e-05,-0.275510204081633,0.987116599650746,-2.13844382203448,128.798424078062,1.80558474021447e-283
"rs12495802",132976158,0.00027225,0.933333333333333,0.99057775315289,-1.90088920642125,0.00011236,0.113207547169811,0.984960259775379,-2.09221801635615,-3.99310722277739,0
"rs12496106",133212020,0.00011025,0.647619047619048,0.996162865999857,-2.57261422417901,4.761e-05,-0.768115942028985,0.993571535961339,-2.23040517519499,-4.803019399374,0
"rs12595",133496553,0.00011449,38.7383177570093,0.996015885239657,744.576515879173,4.9e-05,-3,0.993385094938456,1.9610180104658,746.537533889639,3.44591469941542e-15
"rs12630271",133064940,0.00010609,0.0388349514563107,0.996307115703787,-2.79992244507604,4.624e-05,-0.588235294117647,0.993755362872502,-2.36608612801241,-5.16600857308845,0
"rs12631386",133800471,0.00016641,1.52713178294574,0.9942195752805,-1.4173136730513,6.561e-05,-0.333333333333333,0.991162593394948,-2.30931631939974,-3.72662999245104,0
"rs12631678",133107553,0.00010404,-1.06862745098039,0.996378215660472,-2.24147989186719,4.356e-05,0.0151515151515152,0.994115162635816,-2.56757397843291,-4.8090538703001,0
"rs12632048",133180449,0.00029241,0.818713450292398,0.989887095577146,-1.96521494368612,0.00010609,-1.54368932038835,0.985787591146264,-0.952265477277051,-2.91748042096317,0
"rs12632861",133195403,0.00011236,0.632075471698113,0.996089716850573,-2.57309416146816,4.9e-05,-1.04285714285714,0.993385094938456,-1.96903642992796,-4.54213059139612,0
"rs12633430",133009502,0.00027225,0.890909090909091,0.99057775315289,-1.93922065409605,0.00011236,0.122641509433962,0.984960259775379,-2.0911222524502,-4.03034290654625,0
"rs12634591",133367858,0.00028224,-7.39880952380952,0.990235387238728,24.7894269164611,0.00011025,0.8,0.985238520840535,-1.79259079871853,22.9968361177426,0
"rs12634950",133268315,0.00088209,3.24579124579125,0.970102922929337,3.35509786816557,0.00031684,1.37078651685393,0.95871981780153,-0.692942414961879,2.66215545320369,0
"rs12635994",133922253,0.00010404,-3.64705882352941,0.996378215660472,3.81603805390832,4.489e-05,0.805970149253731,0.993936572730915,-2.22991546509946,1.58612258880886,0
"rs12637437",133268163,0.00014884,-2.42622950819672,0.994826730225361,0.295943185726743,6.4e-05,-0.1,0.991377584142767,-2.3717380979356,-2.07579491220886,0
"rs12637730",133546297,0.000196,20.8214285714286,0.993198726420487,212.796336693902,8.649e-05,-2.05376344086022,0.988382813057909,-0.143163010279873,212.653173683623,4.72359779006368e-247
"rs12695595",133303289,0.00033489,-5.6120218579235,0.988434929543854,13.335391992517,0.00013924,0.398305084745763,0.981429104609255,-1.91522948146277,11.4201625110543,0
"rs13058950",133774007,0.000225,-1.05333333333333,0.992200264492478,-1.87640411862589,9.025e-05,0.347368421052632,0.987883895449996,-2.14700846219896,-4.02341258082484,0
"rs13059139",133241020,0.00014884,1.76229508196721,0.994826730225361,-1.08731646190689,6.724e-05,-1.20731707317073,0.990945026924506,-1.63001265305587,-2.71732911496276,0
"rs13059279",133241106,0.00014641,1.76859504132231,0.994910760516218,-1.08430861500342,6.241e-05,-0.708860759493671,0.99158999575327,-2.14003780634828,-3.2243464213517,0
"rs13061203",133519135,0.00019044,20.2173913043478,0.993390385287761,200.511024039302,7.744e-05,-0.784090909090909,0.989585734000531,-1.9780914020176,198.532932637284,3.4828128743623e-253
"rs13061966",133412277,0.00010404,8.93137254901961,0.996378215660472,36.92985976302,4.356e-05,-1.25757575757576,0.994115162635816,-1.78159311982002,35.1482666432,4.94065645841247e-324
"rs13065394",132971327,0.00012769,-1.06194690265487,0.995558581202417,-2.14702945358829,5.184e-05,-0.527777777777778,0.993004382522258,-2.34293532140788,-4.48996477499617,0
"rs13065952",133235272,0.00030276,3.55172413793103,0.989532890920897,3.96159351994988,8.464e-05,-0.391304347826087,0.988628476156232,-2.1626325308933,1.79896098905658,0
"rs13067800",133872410,0.00055225,0.268085106382979,0.981070721587361,-1.94826812453487,0.00024336,-1.47435897435897,0.967986839960365,-0.668730965485486,-2.61699909002035,0
"rs13067921",133717202,0.00015625,-1.064,0.99457057732341,-2.04498654972659,5.929e-05,1.71428571428571,0.992007068097528,-0.956955781172923,-3.00194233089951,0
"rs13069027",133190190,0.00011025,0.8,0.996162865999857,-2.46274265546647,4.489e-05,-0.611940298507463,0.993936572730915,-2.36663986555865,-4.82938252102512,0
"rs13069549",133704899,0.00015625,4.336,0.99457057732341,6.74144775857934,5.929e-05,-0.350649350649351,0.992007068097528,-2.35361272179429,4.38783503678504,0
"rs13071381",133419018,0.00013456,-0.137931034482759,0.995320741347775,-2.67283982086397,5.476e-05,1.04054054054054,0.992613249952968,-1.91667030874136,-4.58951012960533,0
"rs13073286",133143318,0.00017956,-3.75373134328358,0.993765644053112,4.46248690486734,7.744e-05,0.318181818181818,0.989585734000531,-2.23219667475263,2.23029023011471,0
"rs13073410",133221952,0.00013924,1.10169491525424,0.995158784502868,-2.0613668521819,5.625e-05,-0.8,0.992413783887928,-2.12313876307779,-4.18450561525969,0
"rs13073509",133244851,0.00024964,-1.39240506329114,0.991353492271846,-1.41428584446661,0.00011449,-0.252336448598131,0.984679520539602,-2.05793332342734,-3.47221916789395,0
"rs13074733",133718619,0.00011664,-1.47222222222222,0.995941371472998,-1.67413435943094,4.624e-05,-0.0735294117647059,0.993755362872502,-2.53532971543933,-4.20946407487027,0
"rs13080154",133429086,0.00011664,17.1759259259259,0.995941371472998,144.154087689637,4.9e-05,-0.8,0.993385094938456,-2.19133168637695,141.96275600326,9.41487565916592e-278
"rs13080318",133911425,0.00038809,3.23350253807107,0.986622301629674,3.0007506809677,0.00016641,-0.387596899224806,0.977885490113696,-1.83230613324041,1.1684445477273,0
"rs13080570",133823765,0.00039601,3.30150753768844,0.986353020136038,3.22848177922003,0.00016641,-0.930232558139535,0.977885490113696,-1.48266256217037,1.74581921704966,0
"rs13080875",133752968,0.00013225,-0.869565217391304,0.995400701018268,-2.3145927229392,5.625e-05,1.77333333333333,0.992413783887928,-0.880283847415829,-3.19487657035503,0
"rs13084747",133771765,0.00010609,-1.70873786407767,0.996307115703787,-1.34617240726903,4.489e-05,0.641791044776119,0.993936572730915,-2.34804091877554,-3.69421332604457,0
"rs13085923",133430043,0.00011025,7.1047619047619,0.996162865999857,22.3604613514397,4.624e-05,-0.779411764705882,0.993755362872502,-2.23617152661612,20.1242898248236,0
"rs13086191",133233594,0.00015129,0.894308943089431,0.994742022696089,-2.22621282659337,7.396e-05,0.127906976744186,0.990049073459781,-2.29694610846138,-4.52315893505476,0
"rs13092280",133005057,0.00012769,-0.876106194690266,0.995558581202417,-2.32631420239203,5.329e-05,-0.438356164383562,0.992810117211269,-2.3721529312714,-4.69846713366343,0
"rs13093428",133572319,0.00014641,-5.1900826446281,0.994910760516218,10.7596211775936,5.776e-05,1.34210526315789,0.992211722196269,-1.53395879619876,9.22566238139488,0
"rs13093666",133222029,0.00013225,-1.14782608695652,0.995400701018268,-2.03520312731123,5.776e-05,0.552631578947368,0.992211722196269,-2.27605620615165,-4.31125933346288,0
"rs13093879",133690376,0.00024336,0.884615384615385,0.991569171946544,-1.99995670160671,0.00010609,-1.33980582524272,0.985787591146264,-1.2420362947895,-3.24199299639621,0
"rs13095648",133236819,0.00067081,3.36679536679537,0.977099944441644,3.64955792347438,0.000196,-0.192857142857143,0.974055246007342,-1.80777847826906,1.84177944520532,0
"rs13096460",133875238,0.00039204,3.30808080808081,0.986487982508413,3.24567771704691,0.00016641,-0.744186046511628,0.977885490113696,-1.63497787918105,1.61069983786586,0
"rs13098257",133316003,0.000121,-6.94545454545455,0.995790298709779,21.2829510248809,5.041e-05,1.76056338028169,0.993196042785026,-0.955878454821346,20.3270725700596,0
"rs13099305",133690919,0.00024649,0.885350318471338,0.991461663818697,-1.99301833200328,0.00011025,-1.4952380952381,0.985238520840535,-1.00650003694313,-2.99951836894641,0
"rs13318906",133093153,0.00015129,-0.0569105691056911,0.994742022696089,-2.62239354294973,5.929e-05,-1.54545454545455,0.992007068097528,-1.2299292221581,-3.85232276510783,0
"rs13319548",133690038,0.00013225,2.53913043478261,0.995400701018268,0.517839729289118,5.476e-05,1.58108108108108,0.992613249952968,-1.21335777955628,-0.695518050267162,0
"rs13320795",133719806,0.00041209,3.45320197044335,0.98580674903064,3.75018312116673,0.00014161,-1.27731092436975,0.981118978128046,-1.1844398114091,2.56574330975763,0
"rs13325440",133409403,0.000289,-7.35882352941176,0.990003850431026,24.5027070530243,0.00012321,0.477477477477477,0.983531869845667,-1.94104900626715,22.5616580467571,0
"rs13325780",133251356,0.00054756,-2.04273504273504,0.981228461397545,0.0595118739251934,0.00025921,0.031055900621118,0.965972774869889,-1.68983134245238,-1.63031946852719,0
"rs13340109",133148342,0.00023409,0.392156862745098,0.991887711435663,-2.33091790990155,8.649e-05,1.18279569892473,0.988382813057909,-1.53625824470957,-3.86717615461112,0
"rs1348574",133375081,0.000324,-5.77777777777778,0.98880679464731,14.2583040518482,0.000144,0.75,0.980806432967153,-1.70073824395942,12.5575658078887,0
"rs1358024",133484188,0.00018496,27.6985294117647,0.993579358867786,378.617161809073,0.00257049,0.149901380670611,0.741112998596438,-0.667355238622401,377.949806570451,2.89526586911026e-175
"rs1382700",133282706,0.00023409,12.6862745098039,0.991887711435663,77.4107906467684,1e-04,0.07,0.986592503043653,-2.15355347542676,75.2572371713416,1.00919675994634e-306
"rs1444598",133412094,0.00010816,10.4903846153846,0.996235332384383,52.0258894474741,4.356e-05,-0.560606060606061,0.994115162635816,-2.41147325041572,49.6144161970584,7.36953752058908e-318
"rs1444599",133412115,0.00011449,10,0.996015885239657,47.038074194799,4.489e-05,-1.04477611940298,0.993936572730915,-2.01027076023221,45.0278034345668,7.50732748855774e-320
"rs1444600",133288506,0.00011025,13,0.996162865999857,81.3942474044015,4.761e-05,-1.40579710144928,0.993571535961339,-1.54172925234844,79.8525181520531,9.9926579164889e-305
"rs1444601",133329943,0.00013225,11.7652173913043,0.995400701018268,66.200926176122,5.329e-05,-0.575342465753425,0.992810117211269,-2.30322072196982,63.8977054541522,1.17650534821442e-311
"rs1467334",133578594,0.00012544,2.52678571428571,0.9956365010631,0.46115280734447,4.9e-05,-0.542857142857143,0.993385094938456,-2.36284266399285,-1.90168985664838,0
"rs1479179",133184552,0.00036481,-4.25130890052356,0.98741467797474,6.7354704421921,0.00012996,0.605263157894737,0.982645328693267,-1.84695392490075,4.88851651729136,0
"rs1513361",133067174,0.00010816,0.0384615384615385,0.996235332384383,-2.79031099171312,4.624e-05,-0.588235294117647,0.993755362872502,-2.36608612801241,-5.15639711972553,0
"rs1513363",133063529,0.00010609,0.029126213592233,0.996307115703787,-2.80025113533007,4.624e-05,-0.588235294117647,0.993755362872502,-2.36608612801241,-5.16633726334248,0
"rs1513366",133020705,0.00027225,0.83030303030303,0.99057775315289,-1.99088715214847,0.00011236,0.141509433962264,0.984960259775379,-2.08866774130089,-4.07955489344936,0
"rs1513372",133125811,0.00058081,0.452282157676349,0.980111250456752,-1.85855516612967,0.00022201,-1.81879194630872,0.97071310529459,-0.159746083894504,-2.01830125002418,0
"rs1525887",133628716,0.00032041,4.89385474860335,0.988929445117641,9.59060507907447,0.00014161,-0.495798319327731,0.981118978128046,-1.86421163923929,7.72639343983518,0
"rs1525888",133628701,0.00031684,4.87640449438202,0.989051442475224,9.50221198346723,0.00012769,-0.353982300884956,0.982943290781872,-1.97402272281282,7.52818926065441,0
"rs1525889",133490033,0.00011449,38.7476635514019,0.996015885239657,744.937157319671,4.9e-05,-2.98571428571429,0.993385094938456,1.91854572936588,746.855703049037,4.73678456494988e-15
"rs1525890",133489583,0.00013924,-6.80508474576271,0.995158784502868,20.3771981154427,5.776e-05,1.77631578947368,0.992211722196269,-0.862206036564324,19.5149920788784,0
"rs1525892",133484712,0.00011449,39.3644859813084,0.996015885239657,768.93184029386,4.9e-05,-3.01428571428571,0.993385094938456,2.00369302321774,770.935533317078,0.000135900496528954
"rs1534165",133536917,0.00020449,25.9230769230769,0.992906210107686,331.145156418155,8.464e-05,-2.58695652173913,0.988628476156232,1.06979946924229,332.214955887397,3.97461592572593e-195
"rs1534166",133537067,0.00012544,-13.8571428571429,0.9956365010631,92.8740231406931,5.184e-05,-0.166666666666667,0.993004382522258,-2.4674439727658,90.4065791679273,3.83046484731526e-300
"rs1550742",133347034,0.00013924,14.2372881355932,0.995158784502868,98.1942339063213,5.929e-05,-0.493506493506494,0.992007068097528,-2.29379782436726,95.900436081954,9.31543678937137e-298
"rs1550743",133411922,0.00011664,7.51851851851852,0.995941371472998,25.3958919531669,4.761e-05,-0.318840579710145,0.993571535961339,-2.4730069207432,22.9228850324237,0
"rs1567788",133112197,0.00036864,0.53125,0.987284229630264,-2.04313723006503,0.004356,-0.3,0.628153579046412,-0.466370267369257,-2.50950749743429,0
"rs1606508",133071612,0.00012544,0.928571428571428,0.9956365010631,-2.28799927086599,5.329e-05,0.397260273972603,0.992810117211269,-2.38919968032842,-4.67719895119441,0
"rs1619552",133111518,0.00010609,1.12621359223301,0.996307115703787,-2.16883715734586,4.489e-05,0.388059701492537,0.993936572730915,-2.47790142220764,-4.6467385795535,0
"rs16840105",132978932,0.00027225,0.896969696969697,0.99057775315289,-1.933853887573,0.00011236,0.113207547169811,0.984960259775379,-2.09221801635615,-4.02607190392915,0
"rs16840161",132995726,0.00020164,0.0845070422535211,0.99300438541575,-2.47769016639471,8.1e-05,1.35555555555556,0.989112191596332,-1.35129371529676,-3.82898388169147,0
"rs16840179",132998666,0.00027225,0.909090909090909,0.99057775315289,-1.92301119995355,0.00010816,0.0769230769230769,0.985514299398132,-2.11438091798324,-4.03739211793679,0
"rs16840202",133020950,0.00012544,-0.848214285714286,0.9956365010631,-2.35907647803293,5.184e-05,-0.444444444444444,0.993004382522258,-2.38316119338506,-4.74223767141798,0
"rs16840271",133085114,0.00011025,0.152380952380952,0.996162865999857,-2.76994934430089,4.761e-05,-0.63768115942029,0.993571535961339,-2.32149821771696,-5.09144756201785,0
"rs16840309",133109606,0.00030625,0.205714285714286,0.989413510936717,-2.25315317156823,0.00010609,0.194174757281553,0.985787591146264,-2.10823592950206,-4.36138910107029,0
"rs16840382",133125597,0.00019321,-0.172661870503597,0.99329489131916,-2.48763666272208,7.921e-05,0.123595505617978,0.989350236311303,-2.26355220555035,-4.75118886827244,0
"rs16840448",133180257,0.00029241,0.83625730994152,0.989887095577146,-1.9508444682553,0.00010609,-1.53398058252427,0.985787591146264,-0.966993286985476,-2.91783775524077,0
"rs16840524",133268364,0.00014884,-2.45081967213115,0.994826730225361,0.3555966966597,6.4e-05,-0.075,0.991377584142767,-2.37390673640091,-2.01831003974121,0
"rs16840594",133407599,0.000169,-3.82307692307692,0.99413013702232,4.69609987025673,6.889e-05,0.746987951807229,0.990724888184772,-2.06380252189208,2.63229734836465,0
"rs16840595",133409004,0.000169,-3.81538461538462,0.99413013702232,4.66689362096492,6.889e-05,0.686746987951807,0.990724888184772,-2.1065867655029,2.56030685546202,0
"rs16840601",133410173,0.000289,-7.21176470588235,0.990003850431026,23.4420498136135,0.00012321,0.468468468468468,0.983531869845667,-1.94523985304639,21.4968099605671,0
"rs16840812",133462807,0.00021904,-18.1418918918919,0.992405301706979,160.874153427836,7.921e-05,1.64044943820225,0.989350236311303,-0.939901261312375,159.934252166524,6.00808687749474e-270
"rs16840994",133542702,0.00015625,14.712,0.99457057732341,105.02593064995,6.561e-05,-2.30864197530864,0.991162593394948,0.276982049586924,105.302912699537,1.12887780519739e-293
"rs16841004",133542969,0.00015625,14.696,0.99457057732341,104.791943997646,6.561e-05,-2.34567901234568,0.991162593394948,0.362411472931663,105.154355470578,9.73036988687696e-294
"rs1708355",133014079,0.00027225,0.878787878787879,0.99057775315289,-1.9498450325688,0.00011236,0.122641509433962,0.984960259775379,-2.0911222524502,-4.040967285019,0
"rs1708356",133069560,0.00010404,0.843137254901961,0.996378215660472,-2.45624134406044,0.00179776,0.10377358490566,0.803658119561254,-0.809621645815518,-3.26586298987596,0
"rs1708367",133021116,0.00027225,0.842424242424242,0.99057775315289,-1.98084493140025,0.00011236,0.150943396226415,0.984960259775379,-2.08730899405751,-4.06815392545777,0
"rs1708370",133016314,0.00026244,1.08024691358025,0.990914180770639,-1.77235477946521,0.00011236,0.132075471698113,0.984960259775379,-2.08993882743178,-3.86229360689699,0
"rs1708373",133019327,0.00020164,0.028169014084507,0.99300438541575,-2.48084193591795,7.921e-05,-1.25842696629213,0.989350236311303,-1.48772226073939,-3.96856419665734,0
"rs1708377",133111587,0.00010816,1.11538461538462,0.996235332384383,-2.17134821123762,4.624e-05,-0.676470588235294,0.993755362872502,-2.31063870508397,-4.48198691632159,0
"rs1708389",133035052,0.00010201,0.801980198019802,0.99644863195961,-2.49976714477634,4.356e-05,-0.560606060606061,0.994115162635816,-2.41147325041572,-4.91124039519206,0
"rs17301766",133356790,0.00015876,-4.32539682539683,0.994483840187316,6.70289109902388,6.724e-05,0.890243902439024,0.990945026924506,-1.95954166557865,4.74334943344523,0
"rs17301889",133362154,0.00015876,-4.33333333333333,0.994483840187316,6.73706160386277,6.724e-05,0.865853658536585,0.990945026924506,-1.98076356978406,4.75629803407872,0
"rs17310413",133541961,0.00017424,-2.46969696969697,0.993949237778755,0.477463028127187,7.225e-05,0.529411764705882,0.990276907903104,-2.17784996741257,-1.70038693928538,0
"rs17310798",133562939,0.00021904,-1.87837837837838,0.992405301706979,-0.689397975135062,8.836e-05,-0.851063829787234,0.988134618187161,-1.85920738896931,-2.54860536410437,0
"rs17311500",133604787,0.00015625,-1.128,0.99457057732341,-1.97522339115082,6.084e-05,-0.461538461538462,0.991799824850531,-2.29616439832077,-4.27138778947159,0
"rs17373504",133330528,0.00015876,-4.34126984126984,0.994483840187316,6.77129474940714,6.889e-05,0.879518072289157,0.990724888184772,-1.95702167859448,4.81427307081266,0
"rs17376019",133540883,0.00019881,-3.12056737588652,0.99310189098679,2.34712970480581,8.281e-05,-0.450549450549451,0.988871603613045,-2.1487597018018,0.198370003004011,0
"rs17376530",133555155,0.00027225,-11.4,0.99057775315289,62.035401549858,9.801e-05,1.62626262626263,0.986855805241135,-0.860903899682657,61.1744976501754,7.72537879904879e-313
"rs17376789",133579775,0.000169,3.24615384615385,0.99413013702232,2.66886851835544,6.889e-05,-3.01204819277108,0.990724888184772,2.1539329289256,4.82280144728104,0
"rs1795101",133090106,0.00034969,0.754010695187166,0.987929996269685,-1.92768099563531,0.00015129,0.544715447154472,0.979854333662976,-1.80701434260861,-3.73469533824392,0
"rs1795107",133105513,0.00010609,0.990291262135922,0.996307115703787,-2.31214610810126,4.356e-05,0.272727272727273,0.994115162635816,-2.53071686209552,-4.84286297019678,0
"rs1799852",133475722,0.00036481,-19.7748691099476,0.98741467797474,190.874395679649,0.000121,-0.163636363636364,0.98382247769983,-2.0488944181516,188.825501261497,2.11858679593003e-257
"rs1799899",133475812,0.00044944,-18.0566037735849,0.984540223710447,158.415453069467,0.00023104,-0.960526315789474,0.969558157366928,-1.29870619205102,157.116746877416,3.5901219760752e-271
"rs1800277",133466155,0.00064516,-13.488188976378,0.97795627968262,87.0530364696803,0.00026244,-0.333333333333333,0.965563365211012,-1.63067474906129,85.422361720619,2.62200398340385e-302
"rs1822744",133366227,0.00010404,19.0882352941176,0.996378215660472,178.710151103394,4.356e-05,-1.39393939393939,0.994115162635816,-1.60187188690549,177.108279216489,1.72711550822547e-262
"rs1842156",133122216,0.00027889,-0.467065868263473,0.990350168250402,-2.2123846948133,0.00294849,0.333333333333333,0.71393335249566,-0.58610226701164,-2.79848696182494,0
"rs1867502",133410625,0.00010404,-16.078431372549,0.996378215660472,125.979438949931,4.356e-05,1.18181818181818,0.994115162635816,-1.87345063886523,124.105988311066,1.65469866068076e-285
"rs1867503",133410648,0.00010404,-20.3921568627451,0.996378215660472,204.356595014573,4.096e-05,1.5,0.994464471184053,-1.4795115584256,202.877083456147,2.68269234717025e-251
"rs1867504",133410661,0.00010404,-20.3725490196078,0.996378215660472,203.958388495857,4.096e-05,1.515625,0.994464471184053,-1.45608240279346,202.502306093064,1.84419622896417e-251
"rs1877586",133047469,0.00010609,0.00970873786407767,0.996307115703787,-2.80062678133467,4.624e-05,-0.558823529411765,0.993755362872502,-2.38284930238612,-5.18347608372079,0
"rs1880663",133581459,0.00020164,0.190140845070423,0.99300438541575,-2.46328559474553,7.225e-05,-0.0705882352941176,0.990276907903104,-2.31415867120629,-4.77744426595182,0
"rs1880666",133552883,0.00020449,-15.013986013986,0.992906210107686,109.436079979361,7.396e-05,2.58139534883721,0.990049073459781,0.993601660501786,110.429681639862,1.90184183007458e-291
"rs1880667",133602268,0.00012769,0.884955752212389,0.995558581202417,-2.31855650180235,5.476e-05,-2.78378378378378,0.992613249952968,1.39207073545449,-0.926485766347857,0
"rs1880669",133483696,0.00010609,31.126213592233,0.996307115703787,479.831003381681,4.489e-05,-1.38805970149254,0.993936572730915,-1.5952264061257,478.235776975555,1.03593381588727e-131
"rs1881918",133171284,0.00011881,-1.77064220183486,0.995866175859239,-1.18316940430308,4.9e-05,-0.414285714285714,0.993385094938456,-2.42396625707937,-3.60713566138246,0
"rs1881919",133055045,0.00010609,0.0388349514563107,0.996307115703787,-2.79992244507604,4.624e-05,-0.558823529411765,0.993755362872502,-2.38284930238612,-5.18277174746217,0
"rs1917779",133600082,0.00021609,5.63265306122449,0.992506819603498,13.2976420329108,9.025e-05,-0.91578947368421,0.987883895449996,-1.79235540721192,11.5052866256988,0
"rs1917781",133598565,0.00012544,0.526785714285714,0.9956365010631,-2.57909436554464,0.00150544,0.152061855670103,0.830161568127284,-0.876856014045307,-3.45595037958995,0
"rs1920021",133071425,0.00020164,-0.0422535211267606,0.99300438541575,-2.48034947192994,8.281e-05,1.26373626373626,0.988871603613045,-1.45949911780777,-3.93984858973772,0
"rs1949881",133602195,0.000121,0.318181818181818,0.995790298709779,-2.68477505279613,5.041e-05,-2.23943661971831,0.993196042785026,-0.00464844201315229,-2.68942349480928,0
"rs1949882",133602133,0.000196,4.99285714285714,0.993198726420487,9.88421533725582,7.921e-05,-0.348314606741573,0.989350236311303,-2.21109328631658,7.67312205093924,0
"rs1961423",133060191,0.00010609,0.029126213592233,0.996307115703787,-2.80025113533007,4.624e-05,-0.573529411764706,0.993755362872502,-2.37457517144525,-5.17482630677532,0
"rs2046001",133246622,0.00024025,-1.40645161290323,0.991676016216062,-1.41348695127575,0.00011449,-0.252336448598131,0.984679520539602,-2.05793332342734,-3.47142027470309,0
"rs2060639",132971658,0.00027225,0.896969696969697,0.99057775315289,-1.933853887573,0.00011236,0.122641509433962,0.984960259775379,-2.0911222524502,-4.0249761400232,0
"rs2078262",133172374,0.000144,0.925,0.99499411322176,-2.22289943265711,5.776e-05,-0.394736842105263,0.992211722196269,-2.35026594714694,-4.57316537980405,0
"rs2089987",133111155,0.00010404,-1.2156862745098,0.996378215660472,-2.07412397761626,4.356e-05,0.106060606060606,0.994115162635816,-2.56209675990599,-4.63622073752225,0
"rs2122399",132971618,0.00010609,0.00970873786407767,0.996307115703787,-2.80062678133467,4.624e-05,-0.529411764705882,0.993755362872502,-2.39875282679196,-5.19937960812663,0
"rs2249322",133554026,0.000169,-12.7923076923077,0.99413013702232,78.7723246601661,7.056e-05,2.47619047619048,0.990502180667573,0.708295080697561,79.4806197408636,6.8891809569766e-305
"rs2276737",133167363,0.00011449,-1.61682242990654,0.996015885239657,-1.4608701488793,4.9e-05,-1.38571428571429,0.993385094938456,-1.55546385979032,-3.01633400866962,0
"rs2280673",133558154,0.00011449,-6.50467289719626,0.996015885239657,18.3083792019337,4.761e-05,1.65217391304348,0.993571535961339,-1.16744432276502,17.1409348791687,0
"rs2293374",133547245,0.000196,20.7357142857143,0.993198726420487,211.027429492786,0.00251001,-0.972055888223553,0.745654966111214,-0.332249817915503,210.69517967487,6.66694568751046e-248
"rs2293375",133547216,0.00015376,12.9032258064516,0.994656638278003,80.1858511694003,6.4e-05,-2.1125,0.991377584142767,-0.164606299864004,80.0212448695363,1.18292743046749e-304
"rs2370246",133174179,0.00014884,1.09016393442623,0.994826730225361,-2.04097057282166,6.084e-05,-0.358974358974359,0.991799824850531,-2.3378969353296,-4.37886750815126,0
"rs2370247",133186741,0.00010609,-2.68932038834951,0.996307115703787,0.802194048796361,4.489e-05,0.805970149253731,0.993936572730915,-2.22991546509946,-1.42772141630309,0
"rs2370409",133009814,0.00010404,0.852941176470588,0.996378215660472,-2.44795734601597,0.00174724,0.0980861244019139,0.808116927634547,-0.821547144137708,-3.26950449015368,0
"rs2589267",133409669,0.00013689,-14.9145299145299,0.995240102398204,108.018433290877,5.776e-05,0.684210526315789,0.992211722196269,-2.1953187564577,105.823114534419,1.8991869649703e-293
"rs2589269",133409977,0.00010404,-20.3725490196078,0.996378215660472,203.958388495857,4.356e-05,1.42424242424242,0.994115162635816,-1.55942344332187,202.398965052535,1.66313187044039e-251
"rs2670179",133110636,0.00010816,1.11538461538462,0.996235332384383,-2.17134821123762,0.00164025,0.316049382716049,0.817724961890997,-0.810279133665803,-2.98162734490342,0
"rs2692667",133551456,0.00015376,-14.3064516129032,0.994656638278003,99.1745036334253,6.724e-05,2.14634146341463,0.990945026924506,-0.0696868837870994,99.1048167496382,2.29534549718742e-296
"rs2692668",133552138,0.000169,-12.7615384615385,0.99413013702232,78.3814962204988,7.225e-05,2.55294117647059,0.990276907903104,0.910443359767044,79.2919395802659,5.70459530096357e-305
"rs2692670",133553985,0.000169,-12.7923076923077,0.99413013702232,78.7723246601661,7.056e-05,2.47619047619048,0.990502180667573,0.708295080697561,79.4806197408636,6.8891809569766e-305
"rs2692672",133555500,0.00013689,-9.37606837606838,0.995240102398204,41.0723416692039,5.476e-05,1.12162162162162,0.992613249952968,-1.82966257317207,39.2426790960318,2.32210853545386e-322
"rs2692677",133615263,0.000121,0.427272727272727,0.995790298709779,-2.64428506709652,5.041e-05,-1.94366197183099,0.993196042785026,-0.619066585124659,-3.26335165222118,0
"rs2692681",133595618,0.00010609,-0.776699029126214,0.996307115703787,-2.50015693340421,4.356e-05,-2.59090909090909,0.994115162635816,0.768964974215304,-1.7311919591889,0
"rs2692682",133594691,0.00028224,5.07738095238095,0.990235387238728,10.4495386131656,0.00499849,-0.0282885431400283,0.595493364471274,-0.452305299869084,9.99723331329649,0
"rs2692685",133629362,0.00011449,-1.22429906542056,0.996015885239657,-2.0162518775342,4.761e-05,-2.18840579710145,0.993571535961339,-0.144343197990714,-2.16059507552491,0
"rs2692687",133628876,0.00031329,4.85875706214689,0.989172786225348,9.41311200046324,0.00012996,0.0789473684210526,0.982645328693267,-2.02388452424995,7.38922747621329,0
"rs2692695",133485454,0.00010609,31.1067961165049,0.996307115703787,479.229030659307,0.00159201,0.398496240601504,0.822132195858033,-0.798080349381409,478.430950309926,1.25919999144721e-131
"rs2699869",133032892,0.00010201,-0.158415841584158,0.99644863195961,-2.80770796550496,4.225e-05,0.584615384615385,0.994291129726825,-2.41295506376229,-5.22066302926726,0
"rs2699880",133115340,0.00010404,0.852941176470588,0.996378215660472,-2.44795734601597,4.356e-05,-0.227272727272727,0.994115162635816,-2.54201362530729,-4.98997097132326,0
"rs2699882",133110681,0.00010816,1.125,0.996235332384383,-2.16061768089157,4.489e-05,-0.582089552238806,0.993936572730915,-2.38435314820924,-4.54497082910081,0
"rs2715607",133551203,0.00015376,-14.3145161290323,0.994656638278003,99.2892940993868,6.724e-05,2.15853658536585,0.990945026924506,-0.0436753137020056,99.2456187856848,2.64239423051326e-296
"rs2715608",133550978,0.00015376,-14.3064516129032,0.994656638278003,99.1745036334253,6.724e-05,2.15853658536585,0.990945026924506,-0.0436753137020056,99.1308283197233,2.35583433170354e-296
"rs2715609",133549938,0.00015129,-14.2845528455285,0.994742022696089,98.8637795042717,6.561e-05,2.5679012345679,0.991162593394948,0.903540021863336,99.767319526135,4.45214566604553e-296
"rs2715620",133594430,0.000289,5.15882352941176,0.990003850431026,10.8709363877952,0.00011881,-0.743119266055046,0.984110625078069,-1.79932646163897,9.07160992615622,0
"rs2715627",133494849,0.00013924,-6.82203389830508,0.995158784502868,20.4921230885453,5.776e-05,1.84210526315789,0.992211722196269,-0.744106043660942,19.7480170448844,0
"rs2715629",133599914,0.00010609,-0.786407766990291,0.996307115703787,-2.49259705756161,4.489e-05,-2.61194029850746,0.993936572730915,0.837692965932057,-1.65490409162955,0
"rs2715630",133599961,0.00021609,5.64625850340136,0.992506819603498,13.3737943910441,9.025e-05,-0.947368421052632,0.987883895449996,-1.76329355965049,11.6105008313936,0
"rs2715631",133482889,0.00013924,-7,0.995158784502868,21.7160954933144,5.776e-05,1.73684210526316,0.992211722196269,-0.93100465061204,20.7850908427023,0
"rs2715632",133485830,0.00013924,-6.80508474576271,0.995158784502868,20.3771981154427,5.776e-05,1.69736842105263,0.992211722196269,-0.99825722838902,19.3789408870537,0
"rs2715638",133603480,0.00011881,3.56880733944954,0.995866175859239,3.59759174427932,4.489e-05,0.26865671641791,0.993936572730915,-2.51687064403892,1.0807211002404,0
"rs2718801",133375785,0.00015376,2.87903225806452,0.994656638278003,1.50631812765364,6.4e-05,-0.525,0.991377584142767,-2.24007076254164,-0.733752634888003,0
"rs2718804",133377782,0.00021025,-11.2344827586207,0.9927078518949,60.1861387285569,9.409e-05,0.0309278350515464,0.987374882184157,-2.18556125862584,58.0005774699311,3.23224121031251e-314
"rs2718806",133486093,0.00013456,-8.25862068965517,0.995320741347775,31.2605260661944,5.625e-05,1.73333333333333,0.992413783887928,-0.949885134125836,30.3106409320686,0
"rs2718809",133409418,0.00010404,-16.078431372549,0.996378215660472,125.979438949931,4.356e-05,1.10606060606061,0.994115162635816,-1.95960272194489,124.019836227986,1.51811104888745e-285
"rs2718812",133399702,0.00010404,-16.9607843137255,0.996378215660472,140.502771937716,0.001156,0.364705882352941,0.864231823682151,-0.940927314894768,139.561844622821,8.53320196440766e-279
"rs2737717",133185834,0.00011025,0.428571428571428,0.996162865999857,-2.6900304277497,4.489e-05,-0.492537313432836,0.993936572730915,-2.43217901136582,-5.12220943911552,0
"rs2887747",133339340,0.00021025,11.2,0.9927078518949,59.8021579149762,9.025e-05,-0.0526315789473684,0.987883895449996,-2.20524161814127,57.5969162968349,2.15871815041803e-314
"rs3192149",133368362,0.00013924,14.3559322033898,0.995158784502868,99.8822301841429,5.929e-05,-0.545454545454545,0.992007068097528,-2.2670275206237,97.6152026635192,5.17507784988243e-297
"rs3732572",133109469,0.00010404,-1.03921568627451,0.996378215660472,-2.27236531810234,4.356e-05,0.0909090909090909,0.994115162635816,-2.56358017325703,-4.83594549135937,0
"rs3732574",133335787,0.00013225,11.7652173913043,0.995400701018268,66.200926176122,5.476e-05,-0.540540540540541,0.992613249952968,-2.30902081632412,63.8919053597979,1.16970125744518e-311
"rs3811646",133583577,0.00017689,2.42857142857143,0.993857777538293,0.384581984214099,0.00191844,-0.970319634703196,0.793203668154496,-0.414601801538968,-0.0300198173248686,0
"rs3811647",133484029,0.00011449,39.3551401869159,0.996015885239657,768.565457124964,4.761e-05,-2.97101449275362,0.993571535961339,1.86158194455505,770.42703906952,8.1730620798823e-05
"rs3811658",133476852,0.00011881,35.6238532110092,0.995866175859239,629.162149425776,4.9e-05,-3.18571428571429,0.993385094938456,2.53160624509932,631.693755670875,4.58443016357404e-65
"rs3817524",133526403,0.00011236,-21.877358490566,0.996089716850573,235.601566974217,4.624e-05,0.529411764705882,0.993755362872502,-2.39875282679196,233.202814147425,3.97071182546274e-238
"rs3821508",133293618,0.00011664,13.9351851851852,0.995941371472998,93.9471666997433,4.761e-05,-0.884057971014493,0.993571535961339,-2.13524268403801,91.8119240157053,1.56165463195656e-299
"rs3849404",133035635,0.00010816,0.00961538461538462,0.996235332384383,-2.79100179838776,4.761e-05,-0.594202898550725,0.993571535961339,-2.34810615109967,-5.13910794948743,0
"rs3849405",133035704,0.00010816,0.00961538461538462,0.996235332384383,-2.79100179838776,4.761e-05,-0.594202898550725,0.993571535961339,-2.34810615109967,-5.13910794948743,0
"rs3849406",133035774,0.00010609,-0.00970873786407767,0.996307115703787,-2.80062678133467,0.00128881,0.064066852367688,0.85095851135807,-0.95001887646465,-3.75064565779932,0
"rs3860498",133260516,0.00011881,12.2385321100917,0.995866175859239,71.8369723877507,5.041e-05,-1.14084507042254,0.993196042785026,-1.84878947761479,69.988182910136,5.19582669670524e-309
"rs3890774",133925806,0.00024025,1.65161290322581,0.991676016216062,-1.04174775452063,0.00010609,-0.378640776699029,0.985787591146264,-2.05615430589592,-3.09790206041655,0
"rs3897878",133039552,0.00010609,0,0.996307115703787,-2.80067373708524,4.624e-05,-0.573529411764706,0.993755362872502,-2.37457517144525,-5.1752489085305,0
"rs3923835",133659439,0.00016641,2.03100775193798,0.9942195752805,-0.526064919115428,6.561e-05,0.320987654320988,0.991162593394948,-2.31331964339379,-2.83938456250922,0
"rs3924290",133699345,0.00026896,-2.99390243902439,0.990690556116664,2.10164056999519,0.00011449,-1.97196261682243,0.984679520539602,-0.174752016611447,1.92688855338375,0
"rs4017074",133260427,0.00011449,12.5700934579439,0.996015885239657,75.9261451959689,0.00128881,0.431754874651811,0.85095851135807,-0.872450727618546,75.0536944683503,8.23338406975674e-307
"rs4072180",133868479,0.00024336,1.71153846153846,0.991569171946544,-0.935596671438496,0.00010816,-0.663461538461538,0.985514299398132,-1.90039420088482,-2.83599087232332,0
"rs4072181",133868797,0.00054756,-1.4957264957265,0.981228461397545,-0.89010567714462,0.00024025,0.180645161290323,0.968383014809748,-1.71122993462782,-2.60133561177244,0
"rs4072371",133868315,0.00054756,-1.46153846153846,0.981228461397545,-0.939708284733714,0.00025281,-0.050314465408805,0.966785015419179,-1.70115335095071,-2.64086163568443,0
"rs4076092",133869069,0.00054756,-1.46153846153846,0.981228461397545,-0.939708284733714,0.00025281,-0.0691823899371069,0.966785015419179,-1.7000634663362,-2.63977175106992,0
"rs4077158",133942941,0.00010201,-3.62376237623762,0.99644863195961,3.7222980188593,4.489e-05,0.776119402985075,0.993936572730915,-2.25338556461148,1.46891245424783,0
"rs4077643",133941898,0.00010816,-3.90384615384615,0.996235332384383,4.80027274920746,4.624e-05,0.205882352941176,0.993755362872502,-2.51695469737584,2.28331805183162,0
"rs4078166",133435979,0.00010404,5.88235294117647,0.996378215660472,14.4279832020154,4.356e-05,-0.803030303030303,0.994115162635816,-2.24715669460815,12.1808265074072,0
"rs4089503",133076315,0.00010816,0.0865384615384615,0.996235332384383,-2.78731749612302,4.624e-05,-0.573529411764706,0.993755362872502,-2.37457517144525,-5.16189266756828,0
"rs4133679",133144079,0.00017956,-3.74626865671642,0.993765644053112,4.4346762991569,8.1e-05,0.133333333333333,0.989112191596332,-2.25126369703318,2.18341260212372,0
"rs4234424",133925519,0.00011664,-2.5462962962963,0.995941371472998,0.475200020088806,5.184e-05,0.416666666666667,0.993004382522258,-2.39503740320689,-1.91983738311808,0
"rs4234426",133925865,0.00011664,-2.5462962962963,0.995941371472998,0.475200020088806,5.041e-05,0.422535211267606,0.993196042785026,-2.40646481963086,-1.93126479954205,0
"rs4241355",133420115,0.00017161,10.5190839694656,0.99404002439803,52.4344803222793,6.889e-05,-0.397590361445783,0.990724888184772,-2.26190435575396,50.1725759665253,1.28779248126377e-317
"rs4241356",133452444,0.000169,-23.5153846153846,0.99413013702232,272.294756020019,6.889e-05,1.3855421686747,0.990724888184772,-1.38924959867671,270.905506421342,9.39592576218291e-222
"rs4241357",133475563,0.00010816,11.8846153846154,0.996235332384383,67.5651250556692,4.489e-05,-2.47761194029851,0.993936572730915,0.497930063090535,68.0630551187597,7.57848299210218e-310
"rs4241362",133692743,0.00019321,-0.97841726618705,0.99329489131916,-2.02700200477375,8.281e-05,-0.879120879120879,0.988871603613045,-1.8670011522637,-3.89400315703745,0
"rs4241363",133696285,0.00010609,3.75728155339806,0.996307115703787,4.23184207080619,4.489e-05,0.746268656716418,0.993936572730915,-2.27596999999097,1.95587207081522,0
"rs4241364",133696602,0.00027225,2.36363636363636,0.99057775315289,0.434727584410354,0.00012321,1.88288288288288,0.983531869845667,-0.309731962831878,0.124995621578476,0
"rs4241365",133738545,0.00015625,-1.312,0.99457057732341,-1.75196218795326,6.724e-05,1.81707317073171,0.990945026924506,-0.716291777545469,-2.46825396549873,0
"rs4241367",133793121,0.00010404,2.41176470588235,0.996378215660472,0.087377015026656,4.225e-05,0.0307692307692308,0.994291129726825,-2.58239639237846,-2.49501937735181,0
"rs4241370",133794199,0.00010404,2.41176470588235,0.996378215660472,0.087377015026656,4.225e-05,0.0153846153846154,0.994291129726825,-2.58274939514641,-2.49537238011976,0
"rs4241371",133794409,0.00021609,-0.326530612244898,0.992506819603498,-2.39396932575178,9.604e-05,1.3265306122449,0.987116599650746,-1.30740141611236,-3.70137074186413,0
"rs4241372",133806879,0.00015625,2.408,0.99457057732341,0.275529608155151,6.561e-05,0.444444444444444,0.991162593394948,-2.2664883061049,-1.99095869794975,0
"rs4241373",133807033,0.00038809,2.69543147208122,0.986622301629674,1.426995444809,0.00015876,-0.301587301587302,0.978880641318507,-1.88426559737653,-0.457270152567534,0
"rs4241374",133856869,4e-04,3.275,0.986217415055542,3.14672435902341,0.00016641,-0.798449612403101,0.977885490113696,-1.59404901409697,1.55267534492644,0
"rs4280634",133825328,4e-04,3.275,0.986217415055542,3.14672435902341,0.00016641,-0.930232558139535,0.977885490113696,-1.48266256217037,1.66406179685304,0
"rs4280635",133877825,0.00010404,-3.37254901960784,0.996378215660472,2.85605196838539,4.489e-05,0.955223880597015,0.993936572730915,-2.0992800055514,0.756771962833992,0
"rs4287912",133437778,0.00010201,5.78217821782178,0.99644863195961,13.8372137956868,4.356e-05,-1.01515151515152,0.994115162635816,-2.05545404616598,11.7817597495209,0
"rs4293701",133421765,0.00017161,10.4732824427481,0.99404002439803,51.9566043126479,7.056e-05,-0.523809523809524,0.990502180667573,-2.19246130554319,49.7641430071047,8.55984047454981e-318
"rs4301004",133760908,0.00017161,0.534351145038168,0.99404002439803,-2.41942975200194,6.889e-05,0.481927710843373,0.990724888184772,-2.2251602406529,-4.64458999265484,0
"rs4306855",133718415,0.00018496,-0.492647058823529,0.993579358867786,-2.40354723684565,6.889e-05,-1.72289156626506,0.990724888184772,-0.869798546837055,-3.2733457836827,0
"rs4324466",133852504,0.00010404,-3.25490196078431,0.996378215660472,2.4676138635489,4.489e-05,0.835820895522388,0.993936572730915,-2.2055597014549,0.262054162093994,0
"rs4325917",133786717,0.00073441,-1.46494464944649,0.974983088975534,-0.797914139322978,0.00028224,0.0714285714285714,0.963061235796594,-1.64679009059747,-2.44470422992044,0
"rs4327389",133701960,0.00011236,-5.83018867924528,0.996089716850573,14.1570198595133,4.356e-05,-1.92424242424242,0.994115162635816,-0.727228553388096,13.4297913061252,0
"rs4331673",133709523,0.00020164,0.795774647887324,0.99300438541575,-2.16682227396578,8.281e-05,0.989010989010989,0.988871603613045,-1.76549881401094,-3.93232108797672,0
"rs4339087",133949713,0.00021904,0.506756756756757,0.992405301706979,-2.31272639722738,9.216e-05,0.854166666666667,0.987630648789196,-1.83597876767155,-4.14870516489893,0
"rs4393899",133785181,0.00012769,-0.292035398230089,0.995558581202417,-2.66593775785586,4.624e-05,0.191176470588235,0.993755362872502,-2.51985601601744,-5.18579377387331,0
"rs4404422",133953649,0.00010816,-3.96153846153846,0.996235332384383,5.02630469314896,4.624e-05,0.235294117647059,0.993755362872502,-2.51050732261672,2.51579737053225,0
"rs4408870",133870967,0.000121,-2.35454545454545,0.995790298709779,0.0250913071968983,5.184e-05,0.319444444444444,0.993004382522258,-2.43057025678673,-2.40547894958983,0
"rs4413311",133824814,4e-04,3.28,0.986217415055542,3.16288599691263,0.00016641,-0.945736434108527,0.977885490113696,-1.46844176482601,1.69444423208662,0
"rs4419374",133423473,0.00017161,10.5954198473282,0.99404002439803,53.2355742875158,6.724e-05,-0.402439024390244,0.990945026924506,-2.27197525526931,50.9635990322465,2.8404219350617e-317
"rs4420866",133421515,0.00010609,8.22330097087379,0.996307115703787,30.8858043272912,4.356e-05,-1.34848484848485,0.994115162635816,-1.66383292149126,29.2219714057999,0
"rs4426678",133807007,0.00015876,2.73809523809524,0.994483840187316,1.12786831137768,6.561e-05,0.444444444444444,0.991162593394948,-2.2664883061049,-1.13861999472722,0
"rs4428180",133466374,0.00025921,-18.3229813664596,0.991025001548993,164.002571317114,8.649e-05,0.989247311827957,0.988382813057909,-1.74401404932736,162.258557267787,6.14001007433075e-269
"rs4437139",133421781,0.00017161,10.5267175572519,0.99404002439803,52.5143290591613,7.056e-05,-0.607142857142857,0.990502180667573,-2.14578585556133,50.3685432035999,1.56658285576778e-317
"rs4450812",133824778,0.00038416,3.18877551020408,0.986755976959189,2.85470563886181,0.00016129,-0.811023622047244,0.978551301868337,-1.5992200470479,1.25548559181392,0
"rs4459901",133465699,0.00011881,25.9816513761468,0.995866175859239,333.383566780778,5.041e-05,-2.19718309859155,0.993196042785026,-0.0977421000603509,333.285824680718,1.15975853191356e-194
"rs4470517",133882151,0.00011664,-2.53703703703704,0.995941371472998,0.45176158503485,5.041e-05,0.380281690140845,0.993196042785026,-2.42331033870607,-1.97154875367122,0
"rs4479595",133090973,0.00016641,0.170542635658915,0.9942195752805,-2.56218072499004,7.396e-05,-0.0930232558139535,0.990049073459781,-2.30076119750865,-4.8629419224987,0
"rs4481157",133464684,0.00010816,18.2019230769231,0.996235332384383,162.24031797612,4.761e-05,-2.2463768115942,0.993571535961339,-0.0166251177537173,162.223692858366,5.92963093123894e-269
"rs4502579",133655001,0.00035344,-0.468085106382979,0.987802139001434,-2.09503179992782,0.00010816,0.471153846153846,0.985514299398132,-2.00791147837093,-4.10294327829875,0
"rs4507250",133024577,0.00010609,0.00970873786407767,0.996307115703787,-2.80062678133467,4.624e-05,-0.573529411764706,0.993755362872502,-2.37457517144525,-5.17520195277992,0
"rs4507252",133809556,0.00038809,2.79187817258883,0.986622301629674,1.68807194063692,0.00015876,-0.317460317460317,0.978880641318507,-1.87945628205637,-0.191384341419451,0
"rs4507253",133809724,0.00039204,2.83838383838384,0.986487982508413,1.82169424153057,0.00015876,-0.325396825396825,0.978880641318507,-1.87695913756321,-0.0552648960326383,0
"rs4508778",133759848,0.00013456,0.956896551724138,0.995320741347775,-2.22662457322868,5.041e-05,0.0140845070422535,0.993196042785026,-2.49502693453502,-4.7216515077637,0
"rs4525863",133436136,0.00012321,26.045045045045,0.995713740338767,334.992235241346,4.9e-05,-2.1,0.993385094938456,-0.318800782417958,334.673434458928,4.64514040770017e-194
"rs4533654",133258597,0.00011236,11.6603773584906,0.996089716850573,64.9442976743636,4.761e-05,-1.81159420289855,0.993571535961339,-0.893121746831144,64.0511759275324,1.37165624610352e-311
"rs4535222",133809608,0.00016129,2.73228346456693,0.994396427227422,1.11959464034187,6.561e-05,0.493827160493827,0.991162593394948,-2.24352584395035,-1.12393120360848,0
"rs4538371",133417066,0.00017161,10.0916030534351,0.99404002439803,48.0553983431119,7.056e-05,-0.523809523809524,0.990502180667573,-2.19246130554319,45.8629370375687,1.73056373768813e-319
"rs4547696",133794628,0.00039204,2.68181818181818,0.986487982508413,1.39539625776192,0.00016384,-0.34375,0.978219583112128,-1.85557681042282,-0.460180552660901,0
"rs4552343",133842112,4e-04,3.13,0.986217415055542,2.68876197462468,0.00016641,-0.922480620155039,0.977885490113696,-1.48968481540447,1.19907715922021,0
"rs4591506",133856485,0.00011236,-1.60377358490566,0.996089716850573,-1.4910566891453,4.761e-05,0.347826086956522,0.993571535961339,-2.46340719575807,-3.95446388490337,0
"rs4634113",133692497,0.00019321,-0.971223021582734,0.99329489131916,-2.03396807577286,8.281e-05,-0.879120879120879,0.988871603613045,-1.8670011522637,-3.90096922803656,0
"rs4682664",133919909,0.00024025,1.74838709677419,0.991676016216062,-0.878601055078632,0.00010201,-0.217821782178218,0.986326697182625,-2.12275623301234,-3.00135728809097,0
"rs4682665",133919953,0.00011664,2.5,0.995941371472998,0.358861704019537,5.041e-05,-0.47887323943662,0.993196042785026,-2.38124579692178,-2.02238409290224,0
"rs4854579",133014772,0.00010609,0.0194174757281553,0.996307115703787,-2.80048591408294,4.624e-05,-0.602941176470588,0.993755362872502,-2.3573821720876,-5.15786808617054,0
"rs4854582",133072483,0.00027225,0.945454545454545,0.99057775315289,-1.88960990050839,0.00011236,0.0943396226415094,0.984960259775379,-2.09414656083061,-3.983756461339,0
"rs4854585",133137284,0.00011664,-1.39814814814815,0.995941371472998,-1.78001290029398,4.9e-05,-0.728571428571429,0.993385094938456,-2.24556240329451,-4.02557530358848,0
"rs4854587",133312288,0.00027556,-6.10843373493976,0.990464290376717,16.1522227485065,0.00010609,0.883495145631068,0.985787591146264,-1.74208492536294,14.4101378231435,0
"rs4854588",133338862,0.00018225,8.07407407407407,0.993672837702344,29.8576483765383,7.744e-05,-0.193181818181818,0.989585734000531,-2.26382405971714,27.5938243168212,0
"rs4854592",133427192,0.00010609,9.01941747572815,0.996307115703787,37.7240641950531,4.489e-05,-1.25373134328358,0.993936572730915,-1.77158427651558,35.9524799185376,9.88131291682493e-324
"rs4854593",133427224,0.00011236,7.9811320754717,0.996089716850573,28.9526223322343,4.489e-05,-1.23880597014925,0.993936572730915,-1.79007251528213,27.1625498169522,0
"rs4854604",133780263,0.00013225,2.11304347826087,0.995400701018268,-0.468717146975302,5.625e-05,-0.16,0.992413783887928,-2.42800827748816,-2.89672542446346,0
"rs4854605",133780301,0.00013225,2.1304347826087,0.995400701018268,-0.431987049274211,5.625e-05,-0.173333333333333,0.992413783887928,-2.42580291352396,-2.85778996279817,0
"rs4854610",133805349,0.00015876,2.84126984126984,0.994483840187316,1.41410501506475,6.4e-05,0.525,0.991377584142767,-2.24007076254164,-0.825965747476888,0
"rs4854617",133877570,0.000121,-2.32727272727273,0.995790298709779,-0.0384829081546134,5.041e-05,0.267605633802817,0.993196042785026,-2.45956268385037,-2.49804559200499,0
"rs4854619",133883410,0.00011664,-2.5462962962963,0.995941371472998,0.475200020088806,5.041e-05,0.394366197183099,0.993196042785026,-2.41789218929591,-1.94269216920711,0
"rs4854707",132987440,0.00010609,-0.0970873786407767,0.996307115703787,-2.79597816202773,4.624e-05,-0.529411764705882,0.993755362872502,-2.39875282679196,-5.19473098881968,0
"rs4854708",133000367,0.00027225,0.909090909090909,0.99057775315289,-1.92301119995355,0.00011236,0.132075471698113,0.984960259775379,-2.08993882743178,-4.01295002738533,0
"rs4854719",133097119,0.00010816,0.769230769230769,0.996235332384383,-2.49630367098726,4.624e-05,-1.01470588235294,0.993755362872502,-2.02641693445272,-4.52272060543998,0
"rs4854720",133110371,0.00010201,-1.05940594059406,0.99644863195961,-2.26103364252075,4.356e-05,0.106060606060606,0.994115162635816,-2.56209675990599,-4.82313040242675,0
"rs4854723",133254258,0.00010816,11.2692307692308,0.996235332384383,60.4676851728834,4.9e-05,-1.5,0.993385094938456,-1.39165668495149,59.0760284879319,9.47471610352242e-314
"rs4854727",133257885,0.00011449,12.5514018691589,0.996015885239657,75.6923002575879,4.9e-05,-1.44285714285714,0.993385094938456,-1.47518212558713,74.2171181320007,3.56662860381727e-307
"rs4854733",133287065,0.00011025,12.8857142857143,0.996162865999857,79.920739556898,4.761e-05,-1.43478260869565,0.993571535961339,-1.50082607632483,78.4199134805732,2.38511166631037e-305
"rs4854738",133342218,0.00039204,-8.56565656565657,0.986487982508413,34.0374567446876,0.00014641,0.603305785123967,0.980491473936038,-1.79001323816435,32.2474435065232,0
"rs4854742",133415371,0.00010404,8.13725490196078,0.996378215660472,30.1771563628539,4.225e-05,-1.38461538461538,0.994291129726825,-1.62975958926978,28.5473967735842,0
"rs4854746",133424325,0.00017161,10.6564885496183,0.99404002439803,53.8806200139709,7.056e-05,-0.595238095238095,0.990502180667573,-2.15287490886685,51.7277451051041,6.0988406988027e-317
"rs4854755",133452671,0.00015376,-15.7338709677419,0.994656638278003,120.500010528347,6.084e-05,0.461538461538462,0.991799824850531,-2.29616439832077,118.203846130027,4.52325565423672e-288
"rs4854759",133473945,0.00026244,-16.9506172839506,0.990914180770639,140.005908593912,0.00010404,1.77450980392157,0.986058391818215,-0.58394649651944,139.421962097392,7.41928092773101e-279
"rs4854760",133498741,0.00011449,38.7289719626168,0.996015885239657,744.21596143456,4.9e-05,-2.98571428571429,0.993385094938456,1.91854572936588,746.134507163926,2.30288493979194e-15
"rs4854761",133498789,0.00011449,38.6822429906542,0.996015885239657,742.414494149767,4.9e-05,-3,0.993385094938456,1.9610180104658,744.375512160232,3.96597905078084e-16
"rs4854762",133499063,0.00011449,37.5607476635514,0.996015885239657,699.831748450831,4.9e-05,-2.98571428571429,0.993385094938456,1.91854572936588,701.750294180197,1.2202630396036e-34
"rs4854769",133670391,0.00017161,0.900763358778626,0.99404002439803,-2.15807501800719,7.056e-05,0.30952380952381,0.990502180667573,-2.28089900024565,-4.43897401825284,0
"rs4854776",133687864,0.00010609,4.52427184466019,0.996307115703787,7.39604923481464,4.225e-05,0.984615384615385,0.994291129726825,-2.10090061689418,5.29514861792046,0
"rs4854777",133691147,0.00011025,5.28571428571429,0.996162865999857,11.1342705697993,4.624e-05,1.83823529411765,0.993755362872502,-0.859012278067899,10.2752582917314,0
"rs4854785",133717948,0.00015376,1.06451612903226,0.994656638278003,-2.05238038387528,5.929e-05,-1.55844155844156,0.992007068097528,-1.20993515154962,-3.2623155354249,0
"rs4854786",133720809,0.000361,-3.78421052631579,0.987544479333645,4.87814590947145,0.00013456,0.439655172413793,0.982042082458026,-1.9149493538258,2.96319655564565,0
"rs4854811",133813666,0.00039204,3.3989898989899,0.986487982508413,3.54642520115415,0.00016641,-0.86046511627907,0.977885490113696,-1.54374735076319,2.00267785039096,0
"rs4854812",133813757,0.00039204,3.52525252525253,0.986487982508413,3.97765512157651,0.00015876,-0.714285714285714,0.978880641318507,-1.67906814371641,2.29858697786009,0
"rs4854813",133813851,0.000121,-2.32727272727273,0.995790298709779,-0.0384829081546134,5.329e-05,0.452054794520548,0.992810117211269,-2.36609807504897,-2.40458098320358,0
"rs4854818",133830753,4e-04,3.125,0.986217415055542,2.67333999979675,0.00016641,-0.945736434108527,0.977885490113696,-1.46844176482601,1.20489823497074,0
"rs4854825",133851994,4e-04,3.145,0.986217415055542,2.73517583172073,0.00016641,-0.914728682170543,0.977885490113696,-1.49664830501317,1.23852752670756,0
"rs517255",133118054,0.00010609,0.766990291262136,0.996307115703787,-2.50762289774566,4.356e-05,-1.37878787878788,0.994115162635816,-1.62275378253937,-4.13037668028503,0
"rs553211",133119702,0.00010609,0.83495145631068,0.996307115703787,-2.45338900583135,4.356e-05,-1.53030303030303,0.994115162635816,-1.4036650414626,-3.85705404729395,0
"rs6414331",133804070,0.00017424,0.159090909090909,0.993949237778755,-2.54120712741444,7.056e-05,0.523809523809524,0.990502180667573,-2.19246130554319,-4.73366843295763,0
"rs6439400",133000230,0.00010201,-0.0297029702970297,0.99644863195961,-2.8197716265232,4.356e-05,0.484848484848485,0.994115162635816,-2.45084075857795,-5.27061238510115,0
"rs6439410",133193412,0.00013924,-0.347457627118644,0.995158784502868,-2.60522355791837,5.329e-05,0.219178082191781,0.992810117211269,-2.44369338633035,-5.04891694424872,0
"rs6439411",133208595,0.00011025,0.514285714285714,0.996162865999857,-2.64977731602154,4.624e-05,-0.735294117647059,0.993755362872502,-2.2693755066256,-4.91915282264714,0
"rs6439412",133210889,0.00011025,0.580952380952381,0.996162865999857,-2.61340946535806,4.9e-05,-0.8,0.993385094938456,-2.19133168637695,-4.804741151735,0
"rs6439414",133215673,0.00013924,0.398305084745763,0.995158784502868,-2.58635527875227,6.084e-05,0.141025641025641,0.991799824850531,-2.39193731040159,-4.97829258915386,0
"rs6439416",133219779,0.00010816,1.57692307692308,0.996235332384383,-1.55238543076211,4.624e-05,-1.17647058823529,0.993755362872502,-1.85029614728274,-3.40268157804485,0
"rs6439418",133227972,0.000121,-0.772727272727273,0.995790298709779,-2.43788489609122,5.041e-05,0.154929577464789,0.993196042785026,-2.48320551764014,-4.92109041373136,0
"rs6439419",133230966,0.00011881,-0.63302752293578,0.995866175859239,-2.54474251773272,5.041e-05,0.211267605633803,0.993196042785026,-2.47296028966457,-5.01770280739729,0
"rs6439431",133448109,0.00011881,25.6146788990826,0.995866175859239,323.955486024895,5.041e-05,-2.26760563380282,0.993196042785026,0.0583991147595526,324.013885139655,1.09047420513775e-198
"rs6439434",133450371,0.00010201,4.65346534653465,0.99644863195961,7.96870669727791,4.225e-05,-1.2,0.994291129726825,-1.86697744933242,6.10172924794549,0
"rs6439436",133453779,0.00010201,4.74257425742574,0.99644863195961,8.38585539669791,4.356e-05,-1.03030303030303,0.994115162635816,-2.04004936905902,6.3458060276389,0
"rs6439441",133529594,0.00010404,-5.01960784313725,0.996378215660472,9.74220914051636,4.356e-05,-1.63636363636364,0.994115162635816,-1.23672398511088,8.50548515540548,0
"rs6439442",133540359,0.00010816,-2.28846153846154,0.996235332384383,-0.182377633620347,4.489e-05,-0.283582089552239,0.993936572730915,-2.51277444742597,-2.69515208104632,0
"rs6439443",133540915,0.00010609,-2.37864077669903,0.996307115703787,0.0178451911888557,4.356e-05,-0.803030303030303,0.994115162635816,-2.24715669460815,-2.22931150341929,0
"rs6439445",133636566,0.00010404,-1.41176470588235,0.996378215660472,-1.81746369138307,4.356e-05,-1.18181818181818,0.994115162635816,-1.87345063886523,-3.6909143302483,0
"rs6439447",133637933,0.00015376,-2.98387096774194,0.994656638278003,1.81200555898706,6.724e-05,0.536585365853659,0.990945026924506,-2.20956222449856,-0.397556665511497,0
"rs6439450",133732162,0.00012996,-1.35087719298246,0.9954799810791,-1.79130917592806,5.329e-05,1.10958904109589,0.992810117211269,-1.85637233275397,-3.64768150868203,0
"rs6439454",133798685,0.00010404,2.67647058823529,0.996378215660472,0.758380856628453,4.356e-05,0.242424242424242,0.994115162635816,-2.53847625500865,-1.7800953983802,0
"rs6439455",133798818,0.00021609,-0.224489795918367,0.992506819603498,-2.42187195395804,9.409e-05,1,0.987374882184157,-1.69234604486609,-4.11421799882413,0
"rs6439470",133980309,0.00011449,-2.57009345794393,0.996015885239657,0.526811827359301,4.761e-05,0.652173913043478,0.993571535961339,-2.31221152724221,-1.78539969988291,0
"rs656721",133118109,0.00011236,0.943396226415094,0.996089716850573,-2.32881459447085,4.624e-05,-0.970588235294118,0.993755362872502,-2.06993671407679,-4.39875130854764,0
"rs6650893",133986714,0.00013456,1.39655172413793,0.995320741347775,-1.71169254730028,5.776e-05,0.552631578947368,0.992211722196269,-2.27605620615165,-3.98774875345193,0
"rs666067",133129272,0.000121,0.681818181818182,0.995790298709779,-2.50372227121253,4.761e-05,-0.927536231884058,0.993571535961339,-2.09611337023991,-4.59983564145244,0
"rs6762168",133227463,0.00011664,0.509259259259259,0.995941371472998,-2.62430887775669,4.489e-05,-0.626865671641791,0.993936572730915,-2.35745110018366,-4.98175997794035,0
"rs6762405",133156692,0.00016641,1.06201550387597,0.9942195752805,-2.01596039766584,6.4e-05,0.35,0.991377584142767,-2.31597310882757,-4.33193350649341,0
"rs6762690",133896121,0.00024025,1.69032258064516,0.991676016216062,-0.977603549351024,0.00010609,-0.378640776699029,0.985787591146264,-2.05615430589592,-3.03375785524695,0
"rs6762758",133630236,0.00014641,-4.16528925619835,0.994910760516218,5.99035563452485,6.084e-05,-2.37179487179487,0.991799824850531,0.387840896921106,6.37819653144595,0
"rs6763132",133644169,0.00012769,-3.99115044247788,0.995558581202417,5.22087591902656,5.184e-05,-0.708333333333333,0.993004382522258,-2.23212262169933,2.98875329732723,0
"rs6765093",133558698,0.00011236,-6.50943396226415,0.996089716850573,18.3314478220498,4.761e-05,1.3768115942029,0.993571535961339,-1.58179766967769,16.7496501523721,0
"rs6765260",133316038,0.00021025,11.1310344827586,0.9927078518949,59.037737457322,9.409e-05,0.0206185567010309,0.987374882184157,-2.1858236071438,56.8519138501782,1.02481504237536e-314
"rs6765810",133778591,0.00011449,-0.747663551401869,0.996015885239657,-2.48433323577788,4.761e-05,0.869565217391304,0.993571535961339,-2.1478684092902,-4.63220164506808,0
"rs6766158",133127752,0.00058081,-0.211618257261411,0.980111250456752,-1.93685471679373,0.00024964,2.15189873417722,0.96718783436996,0.530884991217178,-1.40596972557655,0
"rs6766263",133002790,0.00010816,-0.0865384615384615,0.996235332384383,-2.78731749612302,4.624e-05,-0.544117647058824,0.993755362872502,-2.39090852083503,-5.17822601695805,0
"rs6767770",133350222,0.00021025,11.1586206896552,0.9927078518949,59.3429390532625,9.409e-05,0.0103092783505155,0.987374882184157,-2.18598101625458,57.1569580370079,1.3903511443261e-314
"rs6768875",133725236,0.00019321,-4.42446043165468,0.99329489131916,7.2198531776534,7.744e-05,-0.397727272727273,0.989585734000531,-2.20401954996607,5.01583362768732,0
"rs6769437",133422504,0.00017161,10.5114503816794,0.99404002439803,52.354689509762,6.724e-05,-0.414634146341463,0.990945026924506,-2.26703821505486,50.0876512947072,1.18294236396899e-317
"rs6770237",133800995,0.00021904,0.993243243243243,0.992405301706979,-1.95063257092889,8.836e-05,0.670212765957447,0.988134618187161,-1.99513740576497,-3.94576997669386,0
"rs6773354",133541774,0.000196,21.05,0.993198726420487,217.549096640251,8.281e-05,-2.16483516483516,0.988871603613045,0.0680513656384365,217.617148005889,6.76237993288523e-245
"rs6773481",133656390,0.00017424,2.93181818181818,0.993949237778755,1.71798857331519,6.4e-05,0.9125,0.991377584142767,-1.96395661508313,-0.245968041767938,0
"rs6774247",133053029,0.00011025,0.00952380952380952,0.996162865999857,-2.78146959513218,4.761e-05,-0.608695652173913,0.993571535961339,-2.33944552964569,-5.12091512477787,0
"rs6774822",133442012,0.00011881,25.651376146789,0.995866175859239,324.892259055903,5.041e-05,-2.28169014084507,0.993196042785026,0.090218428568277,324.982477484471,2.87256396064374e-198
"rs6775042",133442245,0.00011881,25.651376146789,0.995866175859239,324.892259055903,5.041e-05,-2.26760563380282,0.993196042785026,0.0583991147595526,324.950658170663,2.78259983527326e-198
"rs6776275",133005613,0.00010404,-0.813725490196078,0.996378215660472,-2.48051872561272,4.356e-05,0.545454545454545,0.994115162635816,-2.41980318692541,-4.90032191253813,0
"rs6776502",133892865,0.00023716,1.26623376623377,0.991782196190495,-1.6056401651092,0.00010609,-0.378640776699029,0.985787591146264,-2.05615430589592,-3.66179447100512,0
"rs6776592",133870211,4e-04,3.42,0.986217415055542,3.62542196457368,0.00015876,-0.682539682539683,0.978880641318507,-1.70077172054585,1.92465024402783,0
"rs6777817",133820802,0.00039204,3.44444444444444,0.986487982508413,3.69985624067423,0.00016641,-0.914728682170543,0.977885490113696,-1.49664830501317,2.20320793566106,0
"rs6779423",133994243,0.00011881,-2.20183486238532,0.995866175859239,-0.330258346946322,5.184e-05,0.263888888888889,0.993004382522258,-2.4466606055776,-2.77691895252392,0
"rs6780295",133989068,0.00013456,1.22413793103448,0.995320741347775,-1.93655692406137,5.625e-05,0.573333333333333,0.992413783887928,-2.27760245513003,-4.2141593791914,0
"rs6780325",133803956,0.00019044,0.746376811594203,0.993390385287761,-2.23291682188676,8.1e-05,0.666666666666667,0.989112191596332,-2.04025309615929,-4.27316991804605,0
"rs6781238",133298120,0.00011025,14.4190476190476,0.996162865999857,100.774065127341,4.489e-05,-0.955223880597015,0.993936572730915,-2.0992800055514,98.67478512179,1.4930958972955e-296
"rs6782523",133438917,0.00012321,26.027027027027,0.995713740338767,334.52512823549,5.041e-05,-2.16901408450704,0.993196042785026,-0.158819420683909,334.366308814806,3.41677100805727e-194
"rs6783575",133804728,0.00011881,-1.68807339449541,0.995866175859239,-1.32537014223299,5.184e-05,0.958333333333333,0.993004382522258,-2.02524670867386,-3.35061685090685,0
"rs6785365",133262445,0.00011449,12.7102803738318,0.996015885239657,77.6910742091403,4.761e-05,-1.28985507246377,0.993571535961339,-1.6969943694993,75.994079839641,2.10854343840989e-306
"rs6786236",133541701,0.000121,4.97272727272727,0.995790298709779,9.57677768979622,4.9e-05,-1.34285714285714,0.993385094938456,-1.61354647809642,7.96323121169981,0
"rs6787177",133450720,0.00011881,25.743119266055,0.995866175859239,327.240059037876,4.761e-05,-2.31884057971015,0.993571535961339,0.1477180001983,327.387777038074,3.18330338410018e-197
"rs6788390",133040833,0.00010609,0.00970873786407767,0.996307115703787,-2.80062678133467,4.624e-05,-0.573529411764706,0.993755362872502,-2.37457517144525,-5.17520195277992,0
"rs6790868",133180880,0.00029241,0.771929824561403,0.989887095577146,-2.00204669225791,0.00010404,-1.32352941176471,0.986058391818215,-1.272784673349,-3.27483136560692,0
"rs6792846",133307491,0.000256,11.0125,0.991135160691262,57.7372045057997,0.00011236,0.150943396226415,0.984960259775379,-2.08730899405751,55.6498955117422,3.08045990008492e-315
"rs6793673",133553272,0.000196,-2.8,0.993198726420487,1.39801631095228,8.1e-05,-0.222222222222222,0.989112191596332,-2.23563328215363,-0.837616971201351,0
"rs6794945",133518463,0.00011881,36.8256880733945,0.995866175859239,672.518370703009,4.9e-05,-2.52857142857143,0.993385094938456,0.666475046439366,673.184845749448,4.79332449580912e-47
"rs6795164",133885925,0.00010201,-3.66336633663366,0.99644863195961,3.86608513642077,4.489e-05,0.865671641791045,0.993936572730915,-2.18031827367782,1.68576686274295,0
"rs6795214",133693859,0.00027225,2.44848484848485,0.99057775315289,0.636954623970456,0.00011449,1.13084112149533,0.984679520539602,-1.45967751550756,-0.822722891537109,0
"rs6795532",133943957,0.00011664,-2.60185185185185,0.995941371472998,0.617623734733607,5.041e-05,0.323943661971831,0.993196042785026,-2.44301270019754,-1.82538896546393,0
"rs6795658",133904831,0.00011664,2.53703703703704,0.995941371472998,0.45176158503485,5.041e-05,-0.464788732394366,0.993196042785026,-2.38784608802142,-1.93608450298657,0
"rs6796404",133959746,0.00010201,-3.55445544554455,0.99644863195961,3.47443129955752,4.356e-05,0.696969696969697,0.994115162635816,-2.32623403709054,1.14819726246698,0
"rs6796795",133466222,0.00065025,-13.478431372549,0.977786228695374,86.9127677559677,0.00026244,-0.302469135802469,0.965563365211012,-1.64014863134073,85.272619124627,2.257360721655e-302
"rs679749",133119626,0.00010609,0.83495145631068,0.996307115703787,-2.45338900583135,4.356e-05,-1.65151515151515,0.994115162635816,-1.21196239302044,-3.66535139885178,0
"rs6802154",133419805,0.00013689,-0.863247863247863,0.995240102398204,-2.30293965530329,5.476e-05,1.14864864864865,0.992613249952968,-1.79920986572282,-4.10214952102611,0
"rs6802663",133112324,0.00010404,-1.00980392156863,0.996378215660472,-2.30238882546581,4.356e-05,1.09090909090909,0.994115162635816,-1.97614848624496,-4.27853731171077,0
"rs6804296",133145755,0.00017956,-3.75373134328358,0.993765644053112,4.46248690486734,8.1e-05,0.144444444444444,0.989112191596332,-2.2497372893301,2.21274961553724,0
"rs6804798",133681395,0.00018496,1.07352941176471,0.993579358867786,-1.95158573512451,7.744e-05,0.909090909090909,0.989585734000531,-1.87336961624624,-3.82495535137075,0
"rs6806611",133781784,0.00057121,3.41004184100418,0.98043355230195,3.73346006585587,0.00020449,-0.125874125874126,0.972961800949697,-1.79754436942372,1.93591569643215,0
"rs6807356",133101390,0.00011025,-1.04761904761905,0.996162865999857,-2.23486757627811,4.356e-05,0.0303030303030303,0.994115162635816,-2.56723165227498,-4.80209922855309,0
"rs6808085",133944005,0.00024025,1.6,0.991676016216062,-1.12496185852444,0.00010609,-0.330097087378641,0.985787591146264,-2.073112194046,-3.19807405257044,0
"rs6809337",133638387,0.00012996,-3.97368421052632,0.9954799810791,5.15977762793425,5.329e-05,-0.986301369863014,0.992810117211269,-1.98464213303544,3.17513549489881,0
"rs7340717",133674895,0.00011449,1.51401869158878,0.996015885239657,-1.62116006664976,4.761e-05,1.17391304347826,0.993571535961339,-1.8389033475404,-3.46006341419017,0
"rs7349558",133396131,0.000169,-3.83076923076923,0.99413013702232,4.725364943817,6.724e-05,0.719512195121951,0.990945026924506,-2.09571555089666,2.62964939292035,0
"rs7428024",133725592,0.00019321,-4.38848920863309,0.99329489131916,7.06240969104996,7.396e-05,-0.418604651162791,0.990049073459781,-2.2183017289782,4.84410796207176,0
"rs7429348",133280021,0.00014884,-2.42622950819672,0.994826730225361,0.295943185726743,6.241e-05,0.0126582278481013,0.99158999575327,-2.38908720842218,-2.09314402269544,0
"rs7431119",133796681,0.00010816,1.21153846153846,0.996235332384383,-2.05989806772938,4.489e-05,0.477611940298507,0.993936572730915,-2.43937503244261,-4.49927310017199,0
"rs7431223",133767223,0.00021025,0.151724137931034,0.9927078518949,-2.44905238226157,8.836e-05,-1.0531914893617,0.988134618187161,-1.66903956209886,-4.11809194436043,0
"rs7611104",133941534,0.00011664,-2.57407407407407,0.995941371472998,0.546027640770978,5.041e-05,0.338028169014084,0.993196042785026,-2.43838264524704,-1.89235500447606,0
"rs7611109",133823507,0.00039204,3.32323232323232,0.986487982508413,3.29523613153396,0.00016641,-0.930232558139535,0.977885490113696,-1.48266256217037,1.81257356936359,0
"rs7612063",133183467,0.00011025,0.428571428571428,0.996162865999857,-2.6900304277497,4.624e-05,-0.397058823529412,0.993755362872502,-2.45968051826565,-5.14971094601535,0
"rs7614812",133264251,0.00010609,11.5533980582524,0.996307115703787,63.6933646524017,4.489e-05,-1.40298507462687,0.993936572730915,-1.57452400702783,62.1188406453738,1.98629036178561e-312
"rs7615471",133784988,0.00021904,-0.594594594594595,0.992405301706979,-2.26472359330305,9.409e-05,1.47422680412371,0.987374882184157,-1.11308051721633,-3.37780411051939,0
"rs7616492",133654846,0.00011025,-4.61904761904762,0.996162865999857,7.84535190110139,4.489e-05,-1.80597014925373,0.993936572730915,-0.93186397086132,6.91348793024007,0
"rs7617777",133731003,0.00013225,-1.3304347826087,0.995400701018268,-1.80996784581428,5.329e-05,1.02739726027397,0.992810117211269,-1.94356226235706,-3.75353010817135,0
"rs7618837",133195093,0.00011449,0.766355140186916,0.996015885239657,-2.47023990243796,4.761e-05,-0.652173913043478,0.993571535961339,-2.31221152724221,-4.78245142968017,0
"rs7619206",133992299,0.00011881,-2.24770642201835,0.995866175859239,-0.228626519808091,5.041e-05,0.309859154929577,0.993196042785026,-2.44744573153312,-2.67607225134121,0
"rs7622617",133065819,0.00010816,0.0288461538461538,0.996235332384383,-2.79063336816128,4.624e-05,-0.588235294117647,0.993755362872502,-2.36608612801241,-5.15671949617369,0
"rs7623609",133887637,0.00010609,-3.85436893203884,0.996307115703787,4.59997515531547,4.489e-05,0.835820895522388,0.993936572730915,-2.2055597014549,2.39441545386056,0
"rs7623757",133644893,0.00015625,-3.024,0.99457057732341,1.93950187996955,6.889e-05,0.27710843373494,0.990724888184772,-2.30217187915239,-0.362669999182841,0
"rs7624858",132984117,0.00010816,0.0576923076923077,0.996235332384383,-2.78938991614694,4.624e-05,0.485294117647059,0.993755362872502,-2.42099626971092,-5.21038618585786,0
"rs7625035",133727866,0.00015129,-3.94308943089431,0.994742022696089,5.10909730011906,6.084e-05,-0.0897435897435897,0.991799824850531,-2.39780594841845,2.71129135170061,0
"rs7625110",133011779,0.00020164,-0.112676056338028,0.99300438541575,-2.47493236806187,8.1e-05,1.32222222222222,0.989112191596332,-1.39543742606986,-3.87036979413173,0
"rs7625157",133072164,0.00010816,0.0384615384615385,0.996235332384383,-2.79031099171312,4.624e-05,-0.573529411764706,0.993755362872502,-2.37457517144525,-5.16488616315837,0
"rs7625229",133197271,0.00012996,-1.65789473684211,0.9954799810791,-1.33152396613833,5.776e-05,0.855263157894737,0.992211722196269,-2.06467869158058,-3.39620265771891,0
"rs7626852",133858660,4e-04,3.295,0.986217415055542,3.21151884319256,0.00016641,-0.635658914728682,0.977885490113696,-1.70819735641689,1.50332148677567,0
"rs7627477",133704165,0.00020449,-2.07692307692308,0.992906210107686,-0.33276295625708,7.056e-05,-1.86904761904762,0.990502180667573,-0.59826657556143,-0.93102953181851,0
"rs7628262",133189192,0.00010609,-2.8252427184466,0.996307115703787,1.17558617737005,4.356e-05,0.727272727272727,0.994115162635816,-2.30478159786011,-1.12919542049006,0
"rs7628499",133191453,0.00015625,-0.576,0.99457057732341,-2.44297391194833,5.625e-05,0.413333333333333,0.992413783887928,-2.35593698313825,-4.79891089508658,0
"rs7628914",133391687,0.00012769,-7.35398230088496,0.995558581202417,24.2120388299268,5.476e-05,0.918918918918919,0.992613249952968,-2.03494644928087,22.1770923806459,0
"rs7629416",133730932,0.00014161,-1.60504201680672,0.995076787997801,-1.37515861050919,5.625e-05,1.64,0.992413783887928,-1.10611311734944,-2.48127172785863,0
"rs7630560",133853335,0.00011236,-1.64150943396226,0.996089716850573,-1.43006436757239,4.761e-05,0.260869565217391,0.993571535961339,-2.48970209463039,-3.91976646220278,0
"rs7630645",133992225,0.00011881,-2.23853211009174,0.995866175859239,-0.249120525362975,5.041e-05,0.309859154929577,0.993196042785026,-2.44744573153312,-2.69656625689609,0
"rs7630957",133406341,0.00017424,-3.81818181818182,0.993949237778755,4.69136512837493,6.889e-05,0.662650602409638,0.990724888184772,-2.12269377486227,2.56867135351266,0
"rs7632456",133575993,0.00012321,5.91891891891892,0.995713740338767,14.7155486285376,4.624e-05,-1.01470588235294,0.993755362872502,-2.02641693445272,12.6891316940849,0
"rs7632489",133806002,0.00038809,2.71065989847716,0.986622301629674,1.46760790910474,0.00015876,-0.293650793650794,0.978880641318507,-1.88657776820353,-0.418969859098793,0
"rs7632556",133805946,0.00038809,2.71065989847716,0.986622301629674,1.46760790910474,0.00015876,-0.293650793650794,0.978880641318507,-1.88657776820353,-0.418969859098793,0
"rs7632691",133806218,0.00038809,2.63451776649746,0.986622301629674,1.26683361378354,0.00015876,-0.301587301587302,0.978880641318507,-1.88426559737653,-0.617431983592991,0
"rs7633386",133902559,0.00011664,2.61111111111111,0.995941371472998,0.641659871227918,5.041e-05,-0.436619718309859,0.993196042785026,-2.40045559937596,-1.75879572814804,0
"rs7634139",132987063,0.00010609,0.0679611650485437,0.996307115703787,-2.79837290530706,4.624e-05,0.514705882352941,0.993755362872502,-2.40638222025692,-5.20475512556398,0
"rs7634265",133936468,0.00011664,-2.60185185185185,0.995941371472998,0.617623734733607,5.041e-05,0.352112676056338,0.993196042785026,-2.43355556668163,-1.81593183194802,0
"rs7636726",133611938,0.00019881,-4.16312056737589,0.99310189098679,6.11775490928206,8.281e-05,-2.67032967032967,0.988871603613045,1.27652626342421,7.39428117270627,0
"rs7637748",133337869,0.00029241,-6.96491228070175,0.989887095577146,21.7127415240827,0.00012544,0.964285714285714,0.983238806025151,-1.58721367652418,20.1255278475585,0
"rs7637878",133194456,0.00015625,-0.552,0.99457057732341,-2.45643641928298,6.4e-05,0.3625,0.991377584142767,-2.31155838052318,-4.76799479980616,0
"rs7638018",133495461,0.00011449,38.7476635514019,0.996015885239657,744.937157319671,4.9e-05,-2.97142857142857,0.993385094938456,1.87627617991798,746.813433499589,4.54073545870424e-15
"rs7639076",132993565,0.00010816,0.163461538461538,0.996235332384383,-2.77773831023471,4.624e-05,0.514705882352941,0.993755362872502,-2.40638222025692,-5.18412053049163,0
"rs7639683",133973731,0.00010201,-3.61386138613861,0.99644863195961,3.68659544313327,4.489e-05,0.641791044776119,0.993936572730915,-2.34804091877554,1.33855452435773,0
"rs7639796",133798334,0.00022201,1.02013422818792,0.992303116530425,-1.91713793902373,9.025e-05,0.715789473684211,0.987883895449996,-1.95353646383798,-3.8706744028617,0
"rs7644124",133575865,0.00013225,2.86086956521739,0.995400701018268,1.38253999043455,4.9e-05,-0.757142857142857,0.993385094938456,-2.22447831148357,-0.841938321049015,0
"rs7646118",133450039,0.00011881,25.605504587156,0.995866175859239,323.721502317303,5.041e-05,-2.28169014084507,0.993196042785026,0.090218428568277,323.811720745871,8.90874475804892e-199
"rs7646392",133699575,0.00011025,-5.85714285714286,0.996162865999857,14.3057278574723,4.356e-05,-1.81818181818182,0.994115162635816,-0.924522529076494,13.3812053283959,0
"rs7646473",133699499,0.00011449,-5.82242990654206,0.996015885239657,14.1200928213734,5.041e-05,-1.91549295774648,0.993196042785026,-0.673051055611288,13.4470417657621,0
"rs7647035",133806584,0.00011881,-1.79816513761468,0.995866175859239,-1.1342603971813,5.329e-05,1.20547945205479,0.992810117211269,-1.74617394950562,-2.88043434668692,0
"rs7647542",133216149,0.00011025,0.8,0.996162865999857,-2.46274265546647,4.9e-05,-1.04285714285714,0.993385094938456,-1.96903642992796,-4.43177908539443,0
"rs7648319",133213002,0.00014884,0.983606557377049,0.994826730225361,-2.15088676187404,6.4e-05,0.1625,0.991377584142767,-2.36360570369068,-4.51449246556472,0
"rs7648324",133213011,0.00011025,0.619047619047619,0.996162865999857,-2.59064002842092,4.9e-05,-0.828571428571429,0.993385094938456,-2.16822027804573,-4.75886030646664,0
"rs7650925",133527169,0.00010404,-5.07843137254902,0.996378215660472,10.0381346197927,4.761e-05,-0.130434782608696,0.993571535961339,-2.51505788997156,7.52307672982112,0
"rs7652390",133222543,0.00014161,1.17647058823529,0.995076787997801,-1.96826260239504,5.929e-05,-0.688311688311688,0.992007068097528,-2.17960574746111,-4.14786834985615,0
"rs7652889",133209377,0.00010609,1.11650485436893,0.996307115703787,-2.17968393572873,4.624e-05,-1,0.993755362872502,-2.04113844015272,-4.22082237588144,0
"rs7653175",133823275,0.00038809,3.27918781725888,0.986622301629674,3.14752755897175,0.00016641,-0.953488372093023,0.977885490113696,-1.46124322071574,1.686284338256,0
"rs766952",132981401,0.00010609,-0.0194174757281553,0.996307115703787,-2.80048591408294,4.624e-05,-0.529411764705882,0.993755362872502,-2.39875282679196,-5.1992387408749,0
"rs769097",132981813,0.00011025,0.238095238095238,0.996162865999857,-2.7532788636862,4.761e-05,-0.521739130434783,0.993571535961339,-2.38827891326572,-5.14155777695192,0
"rs8177177",133463195,0.00010816,18,0.996235332384383,158.599075994104,4.761e-05,-2.21739130434783,0.993571535961339,-0.0809015372193955,158.518174456885,1.45794610082636e-270
"rs8177178",133463272,0.00012544,25.5982142857143,0.9956365010631,323.487414926812,5.184e-05,-2.20833333333333,0.993004382522258,-0.0599255349318906,323.42748939188,6.06662233177396e-199
"rs8177179",133463457,0.00010201,4.28712871287129,0.99644863195961,6.33688897144698,4.356e-05,-0.954545454545455,0.994115162635816,-2.1147905802076,4.22209839123938,0
"rs8177184",133464496,0.00021904,-18.1689189189189,0.992405301706979,161.361113443484,7.744e-05,1.35227272727273,0.989585734000531,-1.37749055622699,159.983622887257,6.3121547206857e-270
"rs8177190",133467696,0.00025281,-16.3018867924528,0.991244657747883,129.343338160924,9.801e-05,1.65656565656566,0.986855805241135,-0.811817867129341,128.531520293795,1.38262063728966e-283
"rs8177191",133468139,0.00018496,-2.84558823529412,0.993579358867786,1.49857239054168,7.744e-05,0.806818181818182,0.989585734000531,-1.96020116405788,-0.461628773516208,0
"rs8177197",133469530,0.00011881,27.1651376146789,0.995866175859239,364.702807821982,5.041e-05,-2.08450704225352,0.993196042785026,-0.337322815796631,364.365485006186,3.6483168996138e-181
"rs8177213",133472227,0.00012996,-14.3947368421053,0.9954799810791,100.43631177271,5.329e-05,1.93150684931507,0.992810117211269,-0.615592565325364,99.8207192073845,4.69635104306156e-296
"rs8177220",133473625,0.00066049,-13.875486381323,0.97744430128973,92.1973629558895,0.00027556,-0.903614457831325,0.963903937778664,-1.26726276737618,90.9301001885134,6.46567352158374e-300
"rs8177240",133477701,0.00011449,39.5700934579439,0.996015885239657,777.014279968423,4.9e-05,-3.04285714285714,0.993385094938456,2.08965124367773,779.103931212101,0.479414511094853
"rs8177252",133480174,0.00011449,39.5420560747664,0.996015885239657,775.909649720993,4.9e-05,-3.14285714285714,0.993385094938456,2.39689106232655,778.30654078332,0.215977700093082
"rs8177272",133482870,0.00011449,39.5607476635514,0.996015885239657,776.645982890062,4.9e-05,-3.01428571428571,0.993385094938456,2.00369302321774,778.64967591328,0.304390157694766
"rs8177277",133484830,0.00037249,-15.6943005181347,0.987153134826549,119.396044104871,0.000169,1.68461538461538,0.977549027967814,-0.511103319238165,118.884940785633,8.93813243666674e-288
"rs8177313",133464102,0.000529,-12.0869565217391,0.981853191861651,69.7170540885369,0.00021609,0.0748299319727891,0.971471774895767,-1.775710776431,67.9413433121059,6.71001535933872e-310
"rs870071",133085873,0.00015376,0.75,0.994656638278003,-2.33620296454937,5.476e-05,1.08108108108108,0.992613249952968,-1.87398213847768,-4.21018510302705,0
"rs872134",133265532,0.00010609,11.4757281553398,0.996307115703787,62.8023323294874,4.489e-05,-1.26865671641791,0.993936572730915,-1.7528746217159,61.0494577077715,6.8173505546154e-313
"rs899458",133191093,0.00011881,-3.61467889908257,0.995866175859239,3.76166951881383,0.00155236,-0.32994923857868,0.825790371542034,-0.828797518071007,2.93287200074282,0
"rs9283586",133429740,0.00017956,11.1865671641791,0.993765644053112,59.6407210359865,6.889e-05,-0.746987951807229,0.990724888184772,-2.06380252189208,57.5769185140945,2.11597735895626e-314
"rs9283588",133874566,0.00039204,3.3030303030303,0.986487982508413,3.22920857143544,0.00010816,-0.644230769230769,0.985514299398132,-1.91278602269678,1.31642254873867,0
"rs9289443",133074428,0.00012544,-0.9375,0.9956365010631,-2.27970494574154,5.329e-05,-0.191780821917808,0.992810117211269,-2.44928248438183,-4.72898743012338,0
"rs9289448",133189316,0.00016384,0.7734375,0.994308338804123,-2.28697617019503,6.561e-05,-0.395061728395062,0.991162593394948,-2.28703366698003,-4.57400983717506,0
"rs9289457",133575614,0.00012544,3.40178571428571,0.9956365010631,3.04358498197689,4.761e-05,-1.11594202898551,0.993571535961339,-1.9048492843948,1.13873569758208,0
"rs9289459",133643002,0.00010609,-1.21359223300971,0.996307115703787,-2.06699013434834,4.489e-05,-1.05970149253731,0.993936572730915,-1.99466092989638,-4.06165106424472,0
"rs9289461",133926736,0.00011664,-2.5462962962963,0.995941371472998,0.475200020088806,5.041e-05,0.394366197183099,0.993196042785026,-2.41789218929591,-1.94269216920711,0
"rs9289462",133990426,4e-04,3.08,0.986217415055542,2.53565172093731,0.00016384,0.109375,0.978219583112128,-1.90752084346161,0.628130877475696,0
"rs931099",133179580,0.00011025,0.428571428571428,0.996162865999857,-2.6900304277497,4.489e-05,-0.358208955223881,0.993936572730915,-2.48897222386425,-5.17900265161395,0
"rs938229",133088362,0.00010816,-0.519230769230769,0.996235332384383,-2.65675503461647,4.356e-05,-0.666666666666667,0.994115162635816,-2.34677360656649,-5.00352864118296,0
"rs938230",133088541,0.00010404,-0.137254901960784,0.996378215660472,-2.80100889273188,4.225e-05,0.215384615384615,0.994291129726825,-2.55980421522964,-5.36081310796152,0
"rs938238",133081026,0.00027556,0.668674698795181,0.990464290376717,-2.10492471459497,0.00011236,-0.0660377358490566,0.984960259775379,-2.09638191919873,-4.2013066337937,0
"rs940898",133616371,0.00011881,-0.477064220183486,0.995866175859239,-2.63095145316502,4.9e-05,-2.25714285714286,0.993385094938456,0.0212815638594415,-2.60966988930558,0
"rs954658",133091120,0.00017689,0.406015037593985,0.993857777538293,-2.46436648074975,7.921e-05,-0.202247191011236,0.989350236311303,-2.25087463340219,-4.71524111415194,0
"rs967651",133173992,0.00061504,-3.58064516129032,0.97896376573879,4.34490245429399,0.00022801,0.0463576158940397,0.969945391537049,-1.75132741479383,2.59357503950016,0
"rs9790150",133723028,0.00014884,-2.13934426229508,0.994826730225361,-0.355566727795947,6.241e-05,-0.139240506329114,0.99158999575327,-2.37955421695524,-2.73512094475119,0
"rs9808921",133797032,0.00010404,2.57843137254902,0.996378215660472,0.501720570395267,4.356e-05,0.257575757575758,0.994115162635816,-2.5347106672714,-2.03299009687613,0
"rs9809358",132970440,0.00010609,-0.00970873786407767,0.996307115703787,-2.80062678133467,4.624e-05,0.514705882352941,0.993755362872502,-2.40638222025692,-5.20700900159158,0
"rs9809556",133949974,0.00010816,-3.93269230769231,0.996235332384383,4.91287423717343,4.624e-05,0.220588235294118,0.993755362872502,-2.51383846624226,2.39903577093117,0
"rs9810823",133376850,0.000324,-5.77222222222222,0.98880679464731,14.2265798338532,0.000144,0.741666666666667,0.980806432967153,-1.70683422838654,12.5197456054667,0
"rs9812346",133938816,0.00011664,-2.60185185185185,0.995941371472998,0.617623734733607,5.041e-05,0.352112676056338,0.993196042785026,-2.43355556668163,-1.81593183194802,0
"rs9813363",133604743,0.00019881,-4.21985815602837,0.99310189098679,6.35392943473779,8.1e-05,-2.43333333333333,0.989112191596332,0.668265788495331,7.02219522323312,0
"rs9814681",133234857,0.000144,-0.05,0.99499411322176,-2.64732660907827,6.241e-05,0.10126582278481,0.99158999575327,-2.38408238790204,-5.03140899698031,0
"rs9814850",133555053,0.00024336,15.2435897435897,0.991569171946544,112.81606076271,0.00010201,-1.62376237623762,0.986326697182625,-0.845878440345565,111.970182322364,8.87575572079032e-291
"rs9815265",133576458,0.00011664,3.33333333333333,0.995941371472998,2.77955253746085,4.489e-05,1.04477611940298,0.993936572730915,-2.01027076023221,0.769281777228641,0
"rs9816473",133756102,0.00013456,-1.56896551724138,0.995320741347775,-1.45724075254431,5.625e-05,1.30666666666667,0.992413783887928,-1.59349855343662,-3.05073930598093,0
"rs9817270",133821617,0.00010816,-3.64423076923077,0.996235332384383,3.8241629179442,4.624e-05,0.558823529411765,0.993755362872502,-2.38284930238612,1.44131361555807,0
"rs9817549",133537880,0.000576,0.920833333333333,0.980272710618297,-1.5472728830857,0.00016129,0.771653543307087,0.978551301868337,-1.62970687383126,-3.17697975691696,0
"rs9818609",133663681,0.00011025,-4.54285714285714,0.996162865999857,7.49766621326761,4.489e-05,-2.1044776119403,0.993936572730915,-0.351753964054683,7.14591224921293,0
"rs9818626",133809258,0.00016129,2.65354330708661,0.994396427227422,0.908742400208085,6.561e-05,0.469135802469136,0.991162593394948,-2.25530921268755,-1.34656681247947,0
"rs9818714",133957279,0.00024025,1.61935483870968,0.991676016216062,-1.09406614580279,0.00010201,-0.138613861386139,0.986326697182625,-2.13667948018362,-3.23074562598641,0
"rs9819520",133650996,0.00020164,-4.88028169014085,0.99300438541575,9.3440309816917,7.744e-05,-2.36363636363636,0.989585734000531,0.482007998564939,9.82603898025664,0
"rs9820011",133148235,0.00017956,-3.80597014925373,0.993765644053112,4.65871079053176,8.1e-05,0.0333333333333333,0.989112191596332,-2.25950629862981,2.39920449190195,0
"rs9820205",133236066,0.00011664,2.77777777777778,0.995941371472998,1.08891132045422,4.761e-05,-0.159420289855072,0.993571535961339,-2.51088409649976,-1.42197277604555,0
"rs9820625",133681762,0.00010201,3.92079207920792,0.99644863195961,4.83879717220685,4.225e-05,1.13846153846154,0.994291129726825,-1.93851934363702,2.90027782856983,0
"rs9821091",133733939,0.00013225,-1.43478260869565,0.995400701018268,-1.66635918513051,5.329e-05,1.17808219178082,0.992810117211269,-1.77859071820421,-3.44494990333472,0
"rs9821742",133105849,0.00016641,-0.635658914728682,0.9942195752805,-2.37577575684659,6.889e-05,0.0120481927710843,0.990724888184772,-2.34013840121376,-4.71591415806035,0
"rs9822027",133726978,0.00015376,-4,0.994656638278003,5.34130296215897,6.241e-05,-0.0759493670886076,0.99158999575327,-2.38630675257766,2.95499620958131,0
"rs9822076",133882270,0.00010816,-3.90384615384615,0.996235332384383,4.80027274920746,4.624e-05,0.220588235294118,0.993755362872502,-2.51383846624226,2.2864342829652,0
"rs9822469",133940530,0.00010201,-3.6039603960396,0.99644863195961,3.65099054887298,4.489e-05,0.895522388059702,0.993936572730915,-2.15419118176821,1.49679936710477,0
"rs9823873",133927863,0.00024025,1.64516129032258,0.991676016216062,-1.05229398645167,0.00010609,-0.427184466019418,0.985787591146264,-2.03687341936912,-3.08916740582079,0
"rs9824452",133492471,0.00022201,-22.2885906040268,0.992303116530425,244.045331892009,9.216e-05,1.72916666666667,0.987630648789196,-0.719750378154595,243.325581513855,9.88849909445322e-234
"rs9824788",133618581,0.000144,-4.01666666666667,0.99499411322176,5.37785368856257,5.776e-05,-2.02631578947368,0.992211722196269,-0.390579083086164,4.98727460547641,0
"rs9824964",133307600,0.00033489,-5.6120218579235,0.988434929543854,13.335391992517,0.00013924,0.372881355932203,0.981429104609255,-1.92485064440296,11.4105413481141,0
"rs9825996",133244619,0.00024649,-1.43949044585987,0.991461663818697,-1.35437446948223,0.00010609,0.203883495145631,0.985787591146264,-2.10633107083314,-3.46070554031538,0
"rs9827105",133822891,0.00038809,3.31979695431472,0.986622301629674,3.2797246258499,0.00016641,-0.930232558139535,0.977885490113696,-1.48266256217037,1.79706206367953,0
"rs9828294",133687876,0.00018769,1.14598540145985,0.993485207933889,-1.86447660370321,8.1e-05,0.844444444444445,0.989112191596332,-1.90739456968314,-3.77187117338636,0
"rs9828692",133192169,0.00015876,-0.158730158730159,0.994483840187316,-2.58750853235564,6.4e-05,0.35,0.991377584142767,-2.31597310882757,-4.90348164118321,0
"rs9830001",133433470,0.00012544,20.0803571428571,0.9956365010631,198.013404333174,4.761e-05,-1.84057971014493,0.993571535961339,-0.840531949086498,197.172872384088,8.93847599520174e-254
"rs9830153",133426570,0.00017424,10.6969696969697,0.993949237778755,54.3126151152424,7.056e-05,-0.583333333333333,0.990502180667573,-2.15982358487919,52.1527915303632,9.32916145519907e-317
"rs9832732",133942316,0.00024025,1.60645161290323,0.991676016216062,-1.11470456445453,0.00010609,-0.368932038834951,0.985787591146264,-2.05973172339608,-3.1744362878506,0
"rs9834412",133717101,0.00015876,-1.05555555555556,0.994483840187316,-2.04601095384095,5.929e-05,1.71428571428571,0.992007068097528,-0.956955781172923,-3.00296673501387,0
"rs9834727",133747404,0.00013225,-1.0695652173913,0.995400701018268,-2.12157154352435,5.476e-05,1.56756756756757,0.992613249952968,-1.23447528204341,-3.35604682556776,0
"rs9835459",133585781,0.00013456,2.06034482758621,0.995320741347775,-0.569729165515378,4.624e-05,0.941176470588235,0.993755362872502,-2.09787533803298,-2.66760450354836,0
"rs9835973",133589324,0.00019881,4.36879432624113,0.99310189098679,6.98909804269728,8.1e-05,-2.43333333333333,0.989112191596332,0.668265788495331,7.65736383119261,0
"rs9836356",133364444,0.000324,-5.73888888888889,0.98880679464731,14.0368754191764,0.000144,0.758333333333333,0.980806432967153,-1.69457414797445,12.342301271202,0
"rs9836470",133589480,0.00019881,4.32624113475177,0.99310189098679,6.80537344358006,8.281e-05,-2.23076923076923,0.988871603613045,0.211348784348212,7.01672222792827,0
"rs9838338",133035173,0.00012544,-0.928571428571428,0.9956365010631,-2.28799927086599,5.184e-05,-0.319444444444444,0.993004382522258,-2.43057025678673,-4.71856952765272,0
"rs9838386",133554631,0.00010816,3.00961538461539,0.996235332384383,1.7207947550069,4.356e-05,0.318181818181818,0.994115162635816,-2.51736614193615,-0.796571386929253,0
"rs9839275",133650894,0.00020164,-4.8943661971831,0.99300438541575,9.41238498322696,7.744e-05,-2.78409090909091,0.989585734000531,1.5529304215752,10.9653154048022,0
"rs9839609",133936769,0.00010816,-3.94230769230769,0.996235332384383,4.95059228160866,4.624e-05,0.279411764705882,0.993755362872502,-2.49922441678826,2.4513678648204,0
"rs9839819",133931135,0.00024025,1.49677419354839,0.991676016216062,-1.2834649137698,0.00010201,-0.198019801980198,0.986326697182625,-2.12681718010396,-3.41028209387376,0
"rs9840108",133556345,0.00010609,4.12621359223301,0.996307115703787,5.6807087105534,4.356e-05,0.348484848484849,0.994115162635816,-2.5073245746368,3.17338413591659,0
"rs9840170",133827144,0.00010404,-3.49019607843137,0.996378215660472,3.25828077516874,4.489e-05,1.13432835820896,0.993936572730915,-1.91329053772026,1.34499023744848,0
"rs9840311",133630406,0.00014641,-4.19834710743802,0.994910760516218,6.12789401163603,6.084e-05,-2.35897435897436,0.991799824850531,0.357764127084663,6.48565813872069,0
"rs9840711",133690825,0.00020449,0.615384615384615,0.992906210107686,-2.28626186075889,8.281e-05,0.846153846153846,0.988871603613045,-1.89512327068549,-4.18138513144438,0
"rs9841380",133735861,0.00012996,-1.52631578947368,0.9954799810791,-1.54006461314416,5.329e-05,1.17808219178082,0.992810117211269,-1.77859071820421,-3.31865533134837,0
"rs9843401",133879255,0.00011664,-2.56481481481481,0.995941371472998,0.522333047956869,5.184e-05,0.263888888888889,0.993004382522258,-2.4466606055776,-1.92432755762073,0
"rs9843728",133501407,0.00011449,36.607476635514,0.996015885239657,664.621382014605,4.761e-05,-2.89855072463768,0.993571535961339,1.65028365004532,666.27166566465,4.76739204406003e-50
"rs9844944",133595969,0.000169,-3.33076923076923,0.99413013702232,2.94548964080204,7.056e-05,-2.77380952380952,0.990502180667573,1.4821249093441,4.42761455014614,0
"rs9845729",133587476,0.00020164,4.38732394366197,0.99300438541575,7.07574185293503,7.744e-05,-1.90909090909091,0.989585734000531,-0.478953354700039,6.59678849823499,0
"rs9846738",133852897,0.00011449,-1.67289719626168,0.996015885239657,-1.36900249451533,4.761e-05,0.347826086956522,0.993571535961339,-2.46340719575807,-3.8324096902734,0
"rs9846871",133852998,0.00010404,-3.3921568627451,0.996378215660472,2.92213241521408,4.489e-05,1.04477611940298,0.993936572730915,-2.01027076023221,0.911861654981872,0
"rs9846898",133797007,0.00010404,2.53921568627451,0.996378215660472,0.401737981280548,4.356e-05,0.257575757575758,0.994115162635816,-2.5347106672714,-2.13297268599085,0
"rs9847556",133301508,0.00018496,9.47058823529412,0.993579358867786,42.0339619050121,7.921e-05,-0.0674157303370786,0.989350236311303,-2.26886054856806,39.7651013564441,3.90311860214585e-322
"rs9850167",133637834,0.00020449,-5.13286713286713,0.992906210107686,10.6054470844634,8.464e-05,-1.94565217391304,0.988628476156232,-0.367064094018097,10.2383829904453,0
"rs9850362",133308745,0.00033489,-5.6120218579235,0.988434929543854,13.335391992517,0.00013924,0.398305084745763,0.981429104609255,-1.91522948146277,11.4201625110543,0
"rs9853488",133147789,0.00017956,-3.76865671641791,0.993765644053112,4.51827414975515,8.1e-05,0.0333333333333333,0.989112191596332,-2.25950629862981,2.25876785112534,0
"rs9853568",133905377,0.00024025,1.69032258064516,0.991676016216062,-0.977603549351024,0.00010609,-0.378640776699029,0.985787591146264,-2.05615430589592,-3.03375785524695,0
"rs9853615",133519981,0.00010816,-22.8269230769231,0.996235332384383,256.762336029915,4.489e-05,0.611940298507463,0.993936572730915,-2.36663986555865,254.395696164356,6.35067787855545e-229
"rs9856298",133957265,0.00024025,1.54838709677419,0.991676016216062,-1.20553424494083,0.00010609,-0.281553398058252,0.985787591146264,-2.08774708381936,-3.29328132876019,0
"rs9856792",133934449,0.00024025,1.61290322580645,0.991676016216062,-1.10440599354731,0.00010609,-0.339805825242718,0.985787591146264,-2.06990645628612,-3.17431244983343,0
"rs9857486",133863972,4e-04,3.355,0.986217415055542,3.40826921749614,0.00016641,-0.790697674418605,0.977885490113696,-1.60007228569943,1.80819693179671,0
"rs9857498",133708873,0.00020164,0.908450704225352,0.99300438541575,-2.07148124588778,8.464e-05,1.04347826086957,0.988628476156232,-1.70008896218126,-3.77157020806903,0
"rs9857979",133236157,0.00012769,0.274336283185841,0.995558581202417,-2.67092763562209,5.476e-05,-0.540540540540541,0.992613249952968,-2.30902081632412,-4.97994845194622,0
"rs9858069",133945114,0.00024025,1.6,0.991676016216062,-1.12496185852444,0.00010609,-0.281553398058252,0.985787591146264,-2.08774708381936,-3.2127089423438,0
"rs9858450",133906086,0.00024025,1.69032258064516,0.991676016216062,-0.977603549351024,0.00010609,-0.378640776699029,0.985787591146264,-2.05615430589592,-3.03375785524695,0
"rs9858615",133148503,0.00018496,-3.73529411764706,0.993579358867786,4.40730067418643,7.744e-05,0.306818181818182,0.989585734000531,-2.23571082863758,2.17158984554886,0
"rs9858660",133769778,0.00016384,-1.25,0.994308338804123,-1.8075731720027,6.724e-05,-0.0609756097560976,0.990945026924506,-2.35037840136149,-4.15795157336419,0
"rs9859680",133931004,0.00010816,-3.96153846153846,0.996235332384383,5.02630469314896,4.489e-05,0.253731343283582,0.993936572730915,-2.52074542461874,2.50555926853023,0
"rs9860060",133845256,0.00010404,-3.44117647058824,0.996378215660472,3.08900948564741,4.356e-05,0.96969696969697,0.994115162635816,-2.10029877285513,0.988710712792285,0
"rs9861470",133599538,0.00021609,-4.98639455782313,0.992506819603498,9.89202865855054,8.464e-05,-2.77173913043478,0.988628476156232,1.55926634416345,11.451295002714,0
"rs9862959",133975935,0.00013689,-3,0.995240102398204,1.80481589919291,5.184e-05,0.305555555555556,0.993004382522258,-2.43488017164142,-0.630064272448509,0
"rs9863830",133411224,0.000289,-7.28823529411765,0.990003850431026,23.9909195953966,0.00011881,0.577981651376147,0.984110625078069,-1.90667494830686,22.0842446470898,0
"rs9865455",133853678,0.00011236,-1.61320754716981,0.996089716850573,-1.47594158619736,4.761e-05,0.347826086956522,0.993571535961339,-2.46340719575807,-3.93934878195543,0
"rs9865808",133941504,0.00010816,-3.93269230769231,0.996235332384383,4.91287423717343,4.624e-05,0.176470588235294,0.993755362872502,-2.52254242216708,2.39033181500635,0
"rs9866337",132978969,0.00010609,0.0194174757281553,0.996307115703787,-2.80048591408294,4.489e-05,0.507462686567164,0.993936572730915,-2.42476157425588,-5.22524748833883,0
"rs9867089",133014479,0.00012544,-0.857142857142857,0.9956365010631,-2.3514964966991,5.041e-05,-0.408450704225352,0.993196042785026,-2.41227701627084,-4.76377351296994,0
"rs9869195",133829630,4e-04,3.165,0.986217415055542,2.79740615061074,0.00016641,-0.945736434108527,0.977885490113696,-1.46844176482601,1.32896438578473,0
"rs9869311",133451613,0.00010201,4.74257425742574,0.99644863195961,8.38585539669791,4.356e-05,-1.04545454545455,0.994115162635816,-2.02441647451344,6.36143892218448,0
"rs9869613",133823935,0.00062001,2.91164658634538,0.978797380871689,2.22215306929741,0.00016641,-0.930232558139535,0.977885490113696,-1.48266256217037,0.739490507127036,0
"rs9870646",133701686,0.00011025,-5.20952380952381,0.996162865999857,10.7359861332164,4.489e-05,-1.73134328358209,0.993936572730915,-1.06305297049221,9.67293316272414,0
"rs9870918",133641538,0.00024649,5.40764331210191,0.991461663818697,12.1148669358684,9.025e-05,0.821052631578947,0.987883895449996,-1.87363006564645,10.241236870222,0
"rs9874493",133668539,0.00018225,1.01481481481481,0.993672837702344,-2.01978517581615,7.921e-05,1.21348314606742,0.989350236311303,-1.5426792237462,-3.56246439956235,0
"rs9876399",133051572,0.00012544,-0.901785714285714,0.9956365010631,-2.31240601704559,5.184e-05,-0.305555555555556,0.993004382522258,-2.43488017164142,-4.74728618868702,0
"rs9876777",133227514,0.000121,0.218181818181818,0.995790298709779,-2.71148033807971,4.489e-05,-0.17910447761194,0.993936572730915,-2.53679808702083,-5.24827842510054,0
"rs9877839",133148223,0.00017956,-3.79850746268657,0.993765644053112,4.63051277339849,8.1e-05,0.0111111111111111,0.989112191596332,-2.2599947490948,2.37051802430369,0
"rs9878348",133866728,4e-04,3.395,0.986217415055542,3.54140856852864,0.00016641,-0.798449612403101,0.977885490113696,-1.59404901409697,1.94735955443167,0
"rs9878526",133245721,0.00024649,-1.52229299363057,0.991461663818697,-1.23279984662159,0.00010609,0.242718446601942,0.985787591146264,-2.0977824368068,-3.33058228342839,0
"rs9880098",133949366,0.00010816,-3.90384615384615,0.996235332384383,4.80027274920746,4.624e-05,0.235294117647059,0.993755362872502,-2.51050732261672,2.28976542659074,0
"rs9880615",133470909,0.00026244,-16.7654320987654,0.990914180770639,136.912416792717,9.801e-05,1.86868686868687,0.986855805241135,-0.44284193627472,136.469574856443,3.87397067212475e-280
"rs9881405",133518198,0.00013456,-13.6637931034483,0.995320741347775,90.2305061706131,5.776e-05,0.526315789473684,0.992211722196269,-2.29014231439613,87.9403638562169,3.25227888878622e-301
"rs9882128",133873911,0.00010816,-3.61538461538462,0.996235332384383,3.71985111007388,4.624e-05,0.352941176470588,0.993755362872502,-2.47612132390141,1.24372978617248,0
"rs9882333",133691165,0.00019044,1.03623188405797,0.993390385287761,-1.97627532348224,7.744e-05,0.875,0.989585734000531,-1.90346355224277,-3.87973887572501,0
"rs9882590",133874152,0.00010404,-3.37254901960784,0.996378215660472,2.85605196838539,4.489e-05,0.955223880597015,0.993936572730915,-2.0992800055514,0.756771962833992,0
"rs9882927",133874362,0.00010609,-3.28155339805825,0.996307115703787,2.56373903162356,4.489e-05,0.940298507462687,0.993936572730915,-2.1133399236553,0.450399107968266,0
"rs9883217",133976138,0.00011449,-2.60747663551402,0.996015885239657,0.623203267733616,4.9e-05,0.557142857142857,0.993385094938456,-2.35503749538976,-1.73183422765615,0
"rs9884048",133807731,0.00015876,2.70634920634921,0.994483840187316,1.04192526346026,6.561e-05,0.481481481481482,0.991162593394948,-2.24949306273393,-1.20756779927367,0
"rs9917636",133685254,1e-04,3.84,0.996518364309145,4.51700406162069,4.225e-05,1.16923076923077,0.994291129726825,-1.90321906684198,2.61378499477871,0
"rs9985395",133413119,0.00010404,8.90196078431373,0.996378215660472,36.6685546917561,4.356e-05,-1.36363636363636,0.994115162635816,-1.64340746073463,35.0251472310215,4.94065645841247e-324
